dataset,L,K,point_precision,point_recall,point_f1,candidate_size,exact_r25_candidate_size,candidate_to_true_ratio,candidate_expansion_ratio,query_time_ms,mean_hamming_threshold
amazon,20,2,0.2504802526148778,0.9865482233502538,0.39951530962744314,775.95,197.0,3.938832487309645,3.938832487309645,1.0221676750035158,0.0
amazon,20,4,0.2559087535829379,0.7144670050761421,0.3766829208698861,551.025,197.0,2.797081218274111,2.797081218274111,1.34110300000998,0.0
amazon,20,6,0.24674462167130257,0.8300761421319798,0.3788292638849745,654.475,197.0,3.322208121827411,3.322208121827411,2.5863592749999498,0.51875
amazon,20,8,0.2560521598618981,0.541243654822335,0.34630964876734993,416.025,197.0,2.111802030456853,2.111802030456853,4.141993725005477,0.9875
amazon,20,10,0.2353957223595904,0.4035532994923858,0.2789745780153912,289.875,197.0,1.4714467005076144,1.4714467005076144,6.3636155749946965,1.11875
amazon,20,12,0.24590449834091962,0.7513959390862943,0.3700124571104611,600.7,197.0,3.049238578680203,3.049238578680203,8.141889550003611,2.9625
amazon,20,14,0.2510837683198641,0.7889593908629442,0.3807891034261092,619.1,197.0,3.142639593908629,3.142639593908629,8.748681275002923,3.7
amazon,20,16,0.2438747153054061,0.7262690355329949,0.3624108532728944,571.25,197.0,2.8997461928934007,2.8997461928934007,9.108006374998467,4.29375
amazon,20,18,0.2450551353071199,0.6808375634517766,0.35817976674662955,537.275,197.0,2.727284263959391,2.727284263959391,9.605591700005789,4.98125
amazon,20,20,0.24295977988869016,0.6836294416243655,0.35755547315261416,546.025,197.0,2.771700507614213,2.771700507614213,9.975003000010929,5.7875
amazon,20,22,0.24300764673177694,0.860532994923858,0.37867636605936184,695.425,197.0,3.5300761421319793,3.5300761421319793,10.464009249989203,7.55
amazon,20,24,0.23499970828238995,0.8151015228426395,0.364200370181066,675.875,197.0,3.4308375634517767,3.4308375634517767,10.75123130000577,8.31875
amazon,20,26,0.22679308148192473,0.7714467005076143,0.34980595252053404,658.325,197.0,3.341751269035533,3.341751269035533,13.526210375005121,9.08125
amazon,20,28,0.23313716088866432,0.8633248730964468,0.3669550930968053,725.075,197.0,3.6805837563451775,3.6805837563451775,11.347884349996207,10.8875
amazon,20,30,0.2348945661774823,0.8668781725888325,0.3694868331297469,723.45,197.0,3.6723350253807103,3.6723350253807103,11.695956274996888,11.7375
amazon,20,32,0.24129302624021692,0.9341370558375633,0.38345907917999156,761.1,197.0,3.8634517766497467,3.8634517766497467,12.306528075004053,13.58125
amazon,20,34,0.24067653528568247,0.9280456852791877,0.3821544143032859,757.75,197.0,3.8464467005076144,3.8464467005076144,12.483185525007912,14.43125
amazon,20,36,0.2438928601225343,0.9574873096446701,0.38872855198757084,772.425,197.0,3.9209390862944162,3.9209390862944162,12.906803149996904,16.36875
amazon,20,38,0.24387143581896473,0.9552030456852793,0.3885099223959946,770.7,197.0,3.9121827411167516,3.9121827411167516,13.236928174998752,17.33125
amazon,20,40,0.2477968609916989,0.9812182741116751,0.39566307390442124,779.85,197.0,3.9586294416243653,3.9586294416243653,13.609368800001675,19.3375
amazon,20,42,0.24950342076971116,0.991751269035533,0.39870016111837336,783.0,197.0,3.974619289340102,3.974619289340102,14.010210474987161,21.39375
amazon,20,44,0.24947685020839838,0.991751269035533,0.39866590583193917,783.075,197.0,3.975,3.975,14.299707325002942,22.6
amazon,20,46,0.2507880332969521,0.998984771573604,0.40092628502052924,784.725,197.0,3.983375634517767,3.983375634517767,15.073277075018154,25.0125
amazon,20,48,0.25093152866242036,0.9998730964467004,0.40118125234827406,784.975,197.0,3.9846446700507614,3.9846446700507614,15.202045774998396,27.725
amazon,20,50,0.25095541401273885,1.0,0.4012219959263595,785.0,197.0,3.9847715736040614,3.9847715736040614,15.511490625010538,31.44375
amazon,20,52,0.25093152866242036,0.9998730964467004,0.40118125234827406,784.975,197.0,3.9846446700507614,3.9846446700507614,15.862272974996472,30.95625
amazon,20,54,0.25085968934790753,0.999492385786802,0.4010587719087383,784.9,197.0,3.984263959390863,3.984263959390863,15.997018725011005,30.6375
amazon,20,56,0.2506749047869197,0.9984771573604061,0.400740701931678,784.675,197.0,3.9831218274111677,3.9831218274111677,16.15779585000041,30.61875
amazon,20,58,0.25011483925578426,0.9953045685279187,0.39976919725926874,783.925,197.0,3.979314720812183,3.979314720812183,16.35424057500643,30.825
amazon,20,60,0.24890044666192973,0.9884517766497461,0.39766230081815124,782.25,197.0,3.970812182741117,3.970812182741117,16.671659500008218,30.9875
amazon,20,62,0.24702361026456082,0.9775380710659898,0.3943764188564931,779.275,197.0,3.9557106598984775,3.9557106598984775,16.78168757499634,31.19375
amazon,20,64,0.2439991206489256,0.9602791878172589,0.3891000661001264,774.5,197.0,3.931472081218274,3.931472081218274,17.217734374997917,31.44375
amazon,20,66,0.2417854374919995,0.9463197969543146,0.385120985031865,769.75,197.0,3.90736040609137,3.90736040609137,17.245616774997075,31.775
amazon,20,68,0.23869860012303085,0.9263959390862944,0.3795201993526288,762.375,197.0,3.86992385786802,3.86992385786802,17.452363600014564,32.05625
amazon,20,70,0.23675801837638383,0.9105329949238579,0.37569694282127614,754.7,197.0,3.8309644670050766,3.8309644670050766,17.550044824989186,32.3625
amazon,20,72,0.23301007008986613,0.8843908629441625,0.36866432867944954,742.9,197.0,3.771065989847716,3.771065989847716,17.63965212500125,32.68125
amazon,20,74,0.23015936343248605,0.8574873096446701,0.3626785339229817,727.9,197.0,3.6949238578680204,3.6949238578680204,18.273023849997116,33.0125
amazon,20,76,0.2271355148777543,0.8332487309644669,0.35664817504248114,714.75,197.0,3.628172588832487,3.628172588832487,18.689289674998122,33.36875
amazon,20,78,0.22479905119650648,0.7634517766497462,0.3467242805633633,656.625,197.0,3.333121827411168,3.333121827411168,23.2152718249921,32.6875
amazon,20,80,0.22218560788303227,0.7248730964467005,0.3394080403061161,627.975,197.0,3.1876903553299494,3.1876903553299494,20.820840575009925,33.03125
amazon,20,82,0.2219621718852105,0.6942893401015228,0.3355335570178909,598.925,197.0,3.040228426395939,3.040228426395939,24.591609424996363,33.3375
amazon,20,84,0.22370855181540347,0.665736040609137,0.3339411639346465,569.075,197.0,2.8887055837563453,2.8887055837563453,23.020442699987598,33.70625
amazon,20,86,0.22016014392317906,0.6281725888324873,0.32468794459561323,539.225,197.0,2.7371827411167513,2.7371827411167513,21.909022950001145,34.0625
amazon,20,88,0.22232118870977047,0.5944162436548224,0.3222753781546354,501.875,197.0,2.5475888324873095,2.5475888324873095,22.610402124999496,34.34375
amazon,20,90,0.22865471278579666,0.5057106598984771,0.3119966173651559,406.375,197.0,2.062817258883249,2.062817258883249,22.84316769999748,33.7
amazon,20,92,0.23145804702573688,0.4821065989847716,0.3095807184028449,376.075,197.0,1.9090101522842637,1.9090101522842637,22.143691600004445,34.0
amazon,20,94,0.2360179288519682,0.4595177664974619,0.30759648442433896,348.95,197.0,1.7713197969543149,1.7713197969543149,22.976109374999965,34.36875
amazon,20,96,0.24140947988325304,0.4315989847715736,0.30349771378110313,316.725,197.0,1.6077411167512694,1.6077411167512694,27.572737475006193,34.66875
amazon,20,98,0.2590755468732677,0.3710659898477157,0.29581199510685324,240.2,197.0,1.2192893401015228,1.2192893401015228,21.071971899988284,33.96875
amazon,20,100,0.2678089917551639,0.35545685279187816,0.2922595952349146,217.375,197.0,1.1034263959390862,1.1034263959390862,22.780293875007374,34.275
amazon,20,102,0.27637153956856675,0.3290609137055837,0.2834190327068932,192.725,197.0,0.9782994923857867,0.9782994923857867,21.202844825000966,34.6125
amazon,20,104,0.2972072545713543,0.2903553299492386,0.27094271076148957,143.725,197.0,0.7295685279187818,0.7295685279187818,21.120311525010038,33.88125
amazon,20,106,0.30132884119093395,0.27233502538071064,0.2621070519409844,130.65,197.0,0.6631979695431471,0.6631979695431471,21.53023962499674,34.1625
amazon,20,108,0.330718677036183,0.23109137055837561,0.23961779391652077,93.425,197.0,0.474238578680203,0.474238578680203,22.040782249987956,33.425
amazon,20,110,0.33895479316980276,0.22195431472081215,0.23457471963334675,84.9,197.0,0.4309644670050761,0.4309644670050761,22.759920925005872,33.7375
amazon,20,112,0.3463210098047149,0.20571065989847717,0.22283659993126453,75.625,197.0,0.3838832487309645,0.3838832487309645,22.27158954999311,33.9625
amazon,20,114,0.34184479554644653,0.16611675126903552,0.1873568002855385,54.4,197.0,0.2761421319796954,0.2761421319796954,22.193516624997756,33.2
amazon,20,116,0.34654315761019,0.1621827411167513,0.18491619116144326,51.55,197.0,0.2616751269035533,0.2616751269035533,23.379224974993917,33.46875
amazon,20,118,0.39563841822145185,0.1380710659898477,0.1631928766430375,38.35,197.0,0.19467005076142133,0.19467005076142133,31.927209375004395,32.65625
amazon,20,120,0.398792517905735,0.1313451776649746,0.1565946849304085,35.225,197.0,0.1788071065989848,0.1788071065989848,27.75517814999091,32.8625
amazon,20,122,0.3901614596764909,0.11345177664974619,0.13860566422422985,27.8,197.0,0.14111675126903553,0.14111675126903553,25.368888475009044,32.03125
amazon,20,124,0.4098280092440157,0.10304568527918781,0.12819648485901977,24.6,197.0,0.1248730964467005,0.1248730964467005,23.450537499991242,32.13125
amazon,20,126,0.3806317648024965,0.08451776649746193,0.10626517107680292,19.05,197.0,0.0967005076142132,0.0967005076142132,24.2055313499975,31.225
amazon,20,128,0.32496944953194956,0.06941624365482232,0.08965145176309622,15.0,197.0,0.07614213197969542,0.07614213197969542,24.662861374991962,30.30625
cifar10,20,2,0.25,1.0,0.39999999999967994,1800.0,450.0,4.0,4.0,2.421395824995898,0.0
cifar10,20,4,0.25,1.0,0.39999999999967994,1800.0,450.0,4.0,4.0,2.3804905749955196,0.0
cifar10,20,6,0.25,1.0,0.39999999999967994,1800.0,450.0,4.0,4.0,2.3827332750045116,0.0
cifar10,20,8,0.25,1.0,0.39999999999967994,1800.0,450.0,4.0,4.0,6.364670799999317,0.0
cifar10,20,10,0.25,1.0,0.39999999999967994,1800.0,450.0,4.0,4.0,2.4712947249994954,0.0
cifar10,20,12,0.25,1.0,0.39999999999967994,1800.0,450.0,4.0,4.0,2.4490657499967483,1.0118055555555556
cifar10,20,14,0.25,1.0,0.39999999999967994,1800.0,450.0,4.0,4.0,2.3986916749976217,1.1984911616161615
cifar10,20,16,0.25,1.0,0.39999999999967994,1800.0,450.0,4.0,4.0,2.439260450005065,1.5644507575757576
cifar10,20,18,0.25,1.0,0.39999999999967994,1800.0,450.0,4.0,4.0,2.4384801750059637,2.0277777777777777
cifar10,20,20,0.25,1.0,0.39999999999967994,1800.0,450.0,4.0,4.0,2.510546924999346,2.120492424242424
cifar10,20,22,0.25,1.0,0.39999999999967994,1800.0,450.0,4.0,4.0,2.6230593500002897,3.3595770202020203
cifar10,20,24,0.25,1.0,0.39999999999967994,1800.0,450.0,4.0,4.0,2.510619749998,3.6324873737373737
cifar10,20,26,0.25,1.0,0.39999999999967994,1800.0,450.0,4.0,4.0,2.411387525008024,4.171912878787879
cifar10,20,28,0.25,1.0,0.39999999999967994,1800.0,450.0,4.0,4.0,2.4152084249962513,5.374564393939394
cifar10,20,30,0.25,1.0,0.39999999999967994,1800.0,450.0,4.0,4.0,2.4082406499957187,6.089141414141414
cifar10,20,32,0.25,1.0,0.39999999999967994,1800.0,450.0,4.0,4.0,2.473883325004067,7.259880050505049
cifar10,20,34,0.25,1.0,0.39999999999967994,1800.0,450.0,4.0,4.0,2.4368531499987967,8.07221590909091
cifar10,20,36,0.25,1.0,0.39999999999967994,1800.0,450.0,4.0,4.0,2.43008537499918,9.220713383838383
cifar10,20,38,0.25,1.0,0.39999999999967994,1800.0,450.0,4.0,4.0,2.422604125001726,10.07221590909091
cifar10,20,40,0.25,1.0,0.39999999999967994,1800.0,450.0,4.0,4.0,2.438719749999052,11.235435606060605
cifar10,20,42,0.25,1.0,0.39999999999967994,1800.0,450.0,4.0,4.0,2.4530397250018154,12.464501262626262
cifar10,20,44,0.25,1.0,0.39999999999967994,1800.0,450.0,4.0,4.0,2.4475363499988134,14.062651515151515
cifar10,20,46,0.25,1.0,0.39999999999967994,1800.0,450.0,4.0,4.0,2.460044824999841,15.245486111111111
cifar10,20,48,0.25,1.0,0.39999999999967994,1800.0,450.0,4.0,4.0,2.5330269999997768,16.723232323232324
cifar10,20,50,0.25,1.0,0.39999999999967994,1800.0,450.0,4.0,4.0,2.50856567500648,19.087493686868687
cifar10,20,52,0.25,1.0,0.39999999999967994,1800.0,450.0,4.0,4.0,2.506129225000109,18.864021464646463
cifar10,20,54,0.25,1.0,0.39999999999967994,1800.0,450.0,4.0,4.0,2.5726010999918003,18.62058080808081
cifar10,20,56,0.25,1.0,0.39999999999967994,1800.0,450.0,4.0,4.0,2.7241167749991746,19.166881313131313
cifar10,20,58,0.25,1.0,0.39999999999967994,1800.0,450.0,4.0,4.0,2.6395385499995427,19.149419191919193
cifar10,20,60,0.25,1.0,0.39999999999967994,1800.0,450.0,4.0,4.0,2.6694229499995004,19.141780303030306
cifar10,20,62,0.25,1.0,0.39999999999967994,1800.0,450.0,4.0,4.0,2.5840895750036452,19.141780303030306
cifar10,20,64,0.25,1.0,0.39999999999967994,1800.0,450.0,4.0,4.0,2.5390448250050213,19.141780303030306
cifar10,20,66,0.25,1.0,0.39999999999967994,1800.0,450.0,4.0,4.0,2.630416725003215,19.141780303030306
cifar10,20,68,0.25,1.0,0.39999999999967994,1800.0,450.0,4.0,4.0,2.511418750000871,19.144280303030303
cifar10,20,70,0.25,1.0,0.39999999999967994,1800.0,450.0,4.0,4.0,2.5434636000028377,19.151919191919195
cifar10,20,72,0.25,1.0,0.39999999999967994,1800.0,450.0,4.0,4.0,2.526283299999932,19.160946969696973
cifar10,20,74,0.25,1.0,0.39999999999967994,1800.0,450.0,4.0,4.0,2.5654541500003347,18.468282828282828
cifar10,20,76,0.25,1.0,0.39999999999967994,1800.0,450.0,4.0,4.0,2.7556884000034643,18.488901515151518
cifar10,20,78,0.25,1.0,0.39999999999967994,1800.0,450.0,4.0,4.0,2.5577739499908603,18.20988005050505
cifar10,20,80,0.25,1.0,0.39999999999967994,1800.0,450.0,4.0,4.0,2.574864599995408,18.22515782828283
cifar10,20,82,0.25,1.0,0.39999999999967994,1800.0,450.0,4.0,4.0,3.5818573000000242,17.549015151515153
cifar10,20,84,0.25,1.0,0.39999999999967994,1800.0,450.0,4.0,4.0,2.854989399999397,17.581755050505052
cifar10,20,86,0.25,1.0,0.39999999999967994,1800.0,450.0,4.0,4.0,3.0097165750035515,17.601041666666667
cifar10,20,88,0.25,1.0,0.39999999999967994,1800.0,450.0,4.0,4.0,2.80803959999929,17.151931818181815
cifar10,20,90,0.25,1.0,0.39999999999967994,1800.0,450.0,4.0,4.0,2.827319725001587,16.638762626262626
cifar10,20,92,0.25,1.0,0.39999999999967994,1800.0,450.0,4.0,4.0,3.0509645249978234,16.20205176767677
cifar10,20,94,0.25,1.0,0.39999999999967994,1800.0,450.0,4.0,4.0,2.8446084250063564,16.216546717171717
cifar10,20,96,0.25,1.0,0.39999999999967994,1800.0,450.0,4.0,4.0,2.8953999500018313,15.902632575757575
cifar10,20,98,0.25,1.0,0.39999999999967994,1800.0,450.0,4.0,4.0,3.0868906750015412,15.25758207070707
cifar10,20,100,0.25,1.0,0.39999999999967994,1800.0,450.0,4.0,4.0,3.094382299994436,14.92606691919192
cifar10,20,102,0.25,1.0,0.39999999999967994,1800.0,450.0,4.0,4.0,3.2626593749981225,14.671830808080808
cifar10,20,104,0.25,1.0,0.39999999999967994,1800.0,450.0,4.0,4.0,3.1588301749977177,13.960372474747476
cifar10,20,106,0.25,1.0,0.39999999999967994,1800.0,450.0,4.0,4.0,3.0609634249984197,13.701275252525253
cifar10,20,108,0.25,1.0,0.39999999999967994,1800.0,450.0,4.0,4.0,3.2314886250006225,12.70840909090909
cifar10,20,110,0.25,1.0,0.39999999999967994,1800.0,450.0,4.0,4.0,3.1559426249984313,12.490625
cifar10,20,112,0.25,1.0,0.39999999999967994,1800.0,450.0,4.0,4.0,3.072105199998987,12.483579545454546
cifar10,20,114,0.25,1.0,0.39999999999967994,1800.0,450.0,4.0,4.0,3.1322884750025537,11.46054292929293
cifar10,20,116,0.25,1.0,0.39999999999967994,1800.0,450.0,4.0,4.0,3.3007104999953185,11.231003787878787
cifar10,20,118,0.25,1.0,0.39999999999967994,1800.0,450.0,4.0,4.0,3.138420849995782,10.206060606060607
cifar10,20,120,0.25,1.0,0.39999999999967994,1800.0,450.0,4.0,4.0,3.421222874997909,9.992897727272727
cifar10,20,122,0.25,1.0,0.39999999999967994,1800.0,450.0,4.0,4.0,3.079454250001845,8.94671085858586
cifar10,20,124,0.25,1.0,0.39999999999967994,1800.0,450.0,4.0,4.0,2.9659582499988346,8.742171717171718
cifar10,20,126,0.25,1.0,0.39999999999967994,1800.0,450.0,4.0,4.0,2.8573573749966386,7.6642613636363635
cifar10,20,128,0.25,1.0,0.39999999999967994,1800.0,450.0,4.0,4.0,2.8497979249934247,6.4323358585858585
cifar10_gist512,20,2,0.26263989006404564,0.9442222222222222,0.41041745865298207,1625.05,450.0,3.611222222222222,3.611222222222222,1.6531229000023018,0.0
cifar10_gist512,20,4,0.32700761858724875,0.6275555555555556,0.4277489618332737,878.1,450.0,1.9513333333333336,1.9513333333333336,2.4672490499995092,0.0
cifar10_gist512,20,6,0.36103746787892843,0.2763333333333334,0.3088226130767519,353.825,450.0,0.7862777777777777,0.7862777777777777,3.6704031499965595,0.0
cifar10_gist512,20,8,0.4052161036958145,0.12105555555555556,0.1836797314025937,134.675,450.0,0.29927777777777775,0.29927777777777775,5.449708400006159,0.0
cifar10_gist512,20,10,0.4244188450276246,0.05655555555555556,0.09376498646587475,55.85,450.0,0.1241111111111111,0.1241111111111111,8.772378175000028,0.008333333333333333
cifar10_gist512,20,12,0.4079877129551034,0.1796111111111111,0.2335277236341468,189.65,450.0,0.4214444444444444,0.4214444444444444,16.23784069999914,1.1023809523809525
cifar10_gist512,20,14,0.42051340643584306,0.20949999999999996,0.2760162028265175,220.8,450.0,0.49066666666666664,0.49066666666666664,15.565695924995282,1.642857142857143
cifar10_gist512,20,16,0.4656720255434192,0.11488888888888889,0.1759743328968958,106.275,450.0,0.23616666666666664,0.23616666666666664,17.171445774995675,1.8302083333333337
cifar10_gist512,20,18,0.48695041081910134,0.09144444444444444,0.13986732644250413,76.75,450.0,0.17055555555555554,0.17055555555555554,20.574160500000005,2.1361607142857144
cifar10_gist512,20,20,0.4975603892464089,0.10244444444444445,0.16049779832407862,86.725,450.0,0.1927222222222222,0.1927222222222222,18.391796900000656,2.5532738095238097
cifar10_gist512,20,22,0.475303717263823,0.16461111111111112,0.23219286526409216,146.275,450.0,0.32505555555555554,0.32505555555555554,19.09442299999995,3.802529761904762
cifar10_gist512,20,24,0.4844703345508868,0.15572222222222223,0.21623186963454075,131.0,450.0,0.29111111111111115,0.29111111111111115,18.363937449997536,4.0617559523809526
cifar10_gist512,20,26,0.5146295602639614,0.13394444444444445,0.1997922379223172,109.025,450.0,0.24227777777777776,0.24227777777777776,20.46687607500246,4.625
cifar10_gist512,20,28,0.4902944328885381,0.2018333333333333,0.2674630057690344,174.85,450.0,0.38855555555555554,0.38855555555555554,19.207366599999887,5.908630952380952
cifar10_gist512,20,30,0.5278428206423305,0.20238888888888887,0.27492926029502496,164.875,450.0,0.3663888888888889,0.3663888888888889,20.553476050000086,6.488541666666667
cifar10_gist512,20,32,0.5018327793046459,0.27855555555555556,0.34480109578472967,238.575,450.0,0.5301666666666667,0.5301666666666667,20.97669172499792,7.812202380952381
cifar10_gist512,20,34,0.5101717731531205,0.27111111111111114,0.3384343305414068,230.2,450.0,0.5115555555555555,0.5115555555555555,20.14893015000041,8.448958333333334
cifar10_gist512,20,36,0.5084421646917552,0.34911111111111115,0.40282410554086256,301.7,450.0,0.6704444444444444,0.6704444444444444,20.644855249997818,9.778869047619049
cifar10_gist512,20,38,0.5240703644391187,0.33216666666666667,0.39331967936290474,278.95,450.0,0.6198888888888889,0.6198888888888889,21.336567749997926,10.479613095238095
cifar10_gist512,20,40,0.4938612489680315,0.41200000000000003,0.43990077774611114,370.275,450.0,0.8228333333333333,0.8228333333333333,21.565664449997257,11.82514880952381
cifar10_gist512,20,42,0.4535435078672889,0.5493888888888889,0.49070403444897187,544.525,450.0,1.2100555555555554,1.2100555555555554,22.259171950003065,13.348363095238096
cifar10_gist512,20,44,0.4593041511860524,0.5398888888888889,0.48859157435154177,527.1,450.0,1.1713333333333333,1.1713333333333333,22.40284477500154,14.421726190476189
cifar10_gist512,20,46,0.42514112522218594,0.654888888888889,0.5124055301741579,691.7,450.0,1.5371111111111113,1.5371111111111113,23.241643699996928,15.944791666666669
cifar10_gist512,20,48,0.3747717964350122,0.7912777777777779,0.5068720244596117,952.975,450.0,2.1177222222222225,2.1177222222222225,23.865226125001016,17.845386904761902
cifar10_gist512,20,50,0.3222132112652811,0.9139444444444444,0.47585474647304293,1281.425,450.0,2.847611111111111,2.847611111111111,24.74509802499938,20.47425595238095
cifar10_gist512,20,52,0.36015429846934066,0.8386666666666667,0.5027395965904959,1053.525,450.0,2.341166666666667,2.341166666666667,24.322744800002738,20.11235119047619
cifar10_gist512,20,54,0.40059653961281255,0.7319444444444445,0.5150300414353397,823.225,450.0,1.829388888888889,1.829388888888889,24.979261275002784,19.738690476190477
cifar10_gist512,20,56,0.44000316593726574,0.6223888888888889,0.5107337002543324,634.275,450.0,1.4095,1.4095,25.02568750000478,19.849553571428572
cifar10_gist512,20,58,0.48056342796665846,0.5225,0.4924096280245346,485.375,450.0,1.0786111111111112,1.0786111111111112,24.87758137499725,19.76517857142857
cifar10_gist512,20,60,0.5133498476949827,0.4321666666666667,0.4557732598746986,374.9,450.0,0.8331111111111109,0.8331111111111109,25.94102707500099,19.740178571428572
cifar10_gist512,20,62,0.5448113280242882,0.36327777777777776,0.4172290500628469,295.05,450.0,0.6556666666666666,0.6556666666666666,27.048607225005128,19.73705357142857
cifar10_gist512,20,64,0.5789791229369607,0.3016111111111111,0.37189246857976155,231.425,450.0,0.5142777777777777,0.5142777777777777,26.254902124998125,19.751636904761902
cifar10_gist512,20,66,0.6038946857900145,0.2572222222222222,0.33271029750041936,187.825,450.0,0.4173888888888889,0.4173888888888889,27.85307070000016,19.770833333333332
cifar10_gist512,20,68,0.6298229095649532,0.2227222222222222,0.2979789894989745,155.225,450.0,0.3449444444444444,0.3449444444444444,31.151118725000515,19.81502976190476
cifar10_gist512,20,70,0.6525785510929689,0.18872222222222224,0.26008612461543273,125.125,450.0,0.27805555555555556,0.27805555555555556,27.682655174997706,19.83422619047619
cifar10_gist512,20,72,0.6836108545709211,0.16311111111111112,0.23094557492027595,102.825,450.0,0.2285,0.2285,32.46559064999417,19.87485119047619
cifar10_gist512,20,74,0.7198403029736633,0.13744444444444442,0.1994028522789743,82.4,450.0,0.18311111111111109,0.18311111111111109,27.804123900000377,19.64270833333333
cifar10_gist512,20,76,0.7407103605208023,0.11933333333333333,0.17269540831569946,69.2,450.0,0.15377777777777776,0.15377777777777776,34.01036250000544,19.698363095238097
cifar10_gist512,20,78,0.8130976124576245,0.07994444444444444,0.1183155090079175,42.875,450.0,0.09527777777777777,0.09527777777777777,28.925922874996957,19.03467261904762
cifar10_gist512,20,80,0.8170246286858024,0.06961111111111111,0.10355561690089583,36.375,450.0,0.08083333333333334,0.08083333333333334,29.391609425007914,19.070089285714285
cifar10_gist512,20,82,0.7782932450772552,0.058777777777777776,0.08735893366358238,29.75,450.0,0.06611111111111109,0.06611111111111109,30.147463474996528,18.84940476190476
cifar10_gist512,20,84,0.7312613553888525,0.05422222222222223,0.07838673451984515,27.475,450.0,0.06105555555555555,0.06105555555555555,30.849260450000315,18.913839285714285
cifar10_gist512,20,86,0.6773800136911687,0.04716666666666667,0.0682258721379666,23.625,450.0,0.052500000000000005,0.052500000000000005,30.63897074999886,18.97782738095238
cifar10_gist512,20,88,0.6702281815843868,0.041833333333333333,0.06047064397470545,20.4,450.0,0.04533333333333334,0.04533333333333334,30.440112425004884,18.817559523809525
cifar10_gist512,20,90,0.5698507383411406,0.03188888888888889,0.04602607187526266,15.05,450.0,0.03344444444444444,0.03344444444444444,30.669005200005017,18.050744047619048
cifar10_gist512,20,92,0.4772563927342965,0.029333333333333333,0.04244329694704318,13.7,450.0,0.03044444444444445,0.03044444444444445,31.099075974999835,17.88363095238095
cifar10_gist512,20,94,0.4449807941503147,0.02833333333333334,0.04003392127075932,13.3,450.0,0.029555555555555557,0.029555555555555557,31.140176074997328,17.953422619047622
cifar10_gist512,20,96,0.4493887330528284,0.026555555555555554,0.03797625718320951,12.4,450.0,0.027555555555555555,0.027555555555555555,31.400542649997476,17.838988095238097
cifar10_gist512,20,98,0.2622844827586207,0.021444444444444443,0.030957545687121373,9.725,450.0,0.021611111111111112,0.021611111111111112,31.419021874999938,17.020535714285714
cifar10_gist512,20,100,0.2123853211009174,0.02022222222222222,0.029521384088123343,9.15,450.0,0.020333333333333335,0.020333333333333335,33.00665412500052,16.93050595238095
cifar10_gist512,20,102,0.21238151658767773,0.01916666666666667,0.02822058422774888,8.675,450.0,0.019277777777777776,0.019277777777777776,32.41910520000033,16.826339285714287
cifar10_gist512,20,104,0.125,0.01661111111111111,0.024656603618913295,7.475,450.0,0.01661111111111111,0.01661111111111111,32.63367797499939,15.991815476190476
cifar10_gist512,20,106,0.125,0.01572222222222222,0.02360823226279937,7.075,450.0,0.01572222222222222,0.01572222222222222,33.35978964999953,15.877380952380951
cifar10_gist512,20,108,0.1,0.013555555555555553,0.021023970883664412,6.1,450.0,0.013555555555555553,0.013555555555555553,33.31099997499933,14.896130952380952
cifar10_gist512,20,110,0.1,0.01227777777777778,0.019347832060368976,5.525,450.0,0.01227777777777778,0.01227777777777778,37.9890271249991,14.807142857142855
cifar10_gist512,20,112,0.1,0.011722222222222222,0.018632284373439258,5.275,450.0,0.011722222222222222,0.011722222222222222,40.00488334999801,14.826934523809523
cifar10_gist512,20,114,0.05,0.009888888888888888,0.01613795487940592,4.45,450.0,0.009888888888888888,0.009888888888888888,34.39878962499563,13.839434523809524
cifar10_gist512,20,116,0.05,0.008944444444444446,0.014854801087106972,4.025,450.0,0.008944444444444446,0.008944444444444446,36.0070354749908,13.75
cifar10_gist512,20,118,0.05,0.008388888888888888,0.01392896660162482,3.775,450.0,0.008388888888888888,0.008388888888888888,35.5242864499985,12.738541666666666
cifar10_gist512,20,120,0.05,0.007555555555555556,0.012728988127986724,3.4,450.0,0.007555555555555556,0.007555555555555556,35.886778200000435,12.630803571428572
cifar10_gist512,20,122,0.05,0.006666666666666666,0.011458333333323458,3.0,450.0,0.006666666666666666,0.006666666666666666,37.92118132499667,11.593303571428573
cifar10_gist512,20,124,0.05,0.006388888888888888,0.010987122121566429,2.875,450.0,0.006388888888888888,0.006388888888888888,36.68702805000521,11.457440476190476
cifar10_gist512,20,126,0.05,0.005277777777777778,0.009228579769368644,2.375,450.0,0.005277777777777778,0.005277777777777778,36.77213855000048,10.363690476190476
cifar10_gist512,20,128,0.05,0.004666666666666667,0.008280444761124096,2.1,450.0,0.004666666666666667,0.004666666666666667,37.50515619999959,9.202380952380953
isolet,20,2,0.2909526022006643,0.7365723084503573,0.41295283158751106,1158.8,450.025,2.5749876816949984,2.5749876816949984,1.2025333249999548,0.0
isolet,20,4,0.3354196274937961,0.6237969943335797,0.4317324664536499,857.775,450.025,1.9060539541759056,1.9060539541759056,1.5209614250002446,0.0
isolet,20,6,0.3957400422733229,0.48097228381374724,0.42847763849249443,560.65,450.025,1.245820891845282,1.245820891845282,2.2824761250006986,0.0
isolet,20,8,0.4431938048061612,0.3728189209164819,0.3914501464624977,397.35,450.025,0.8829705592510472,0.8829705592510472,3.325539574999681,0.0
isolet,20,10,0.5998677210882517,0.2778234786893324,0.3667375606286396,212.375,450.025,0.47192916974624294,0.47192916974624294,5.409944775000319,0.0
isolet,20,12,0.49393821143014216,0.4497512934220252,0.4598195210994421,421.65,450.025,0.9369605814239961,0.9369605814239961,7.053044749999593,1.0
isolet,20,14,0.5340927656078976,0.385040034491254,0.4210415453013009,339.975,450.025,0.755480413895048,0.755480413895048,9.079079225000442,1.125
isolet,20,16,0.5118222404590057,0.4635290711998029,0.4723034583946685,423.025,450.025,0.940018600640552,0.940018600640552,10.925801050000139,1.8050000000000002
isolet,20,18,0.566472874594351,0.3794269524513427,0.4306251091983551,317.075,450.025,0.704590169992609,0.704590169992609,12.472595749999904,2.0
isolet,20,20,0.5865433026649226,0.34348965262379894,0.40103867520305253,282.85,450.025,0.6285444690810544,0.6285444690810544,13.31930417500029,2.0450000000000004
isolet,20,22,0.4936678178743904,0.49943040157674295,0.47896271847986255,475.325,450.025,1.056260532150776,1.056260532150776,14.473989574999813,3.3599999999999994
isolet,20,24,0.4870092967798792,0.522030056664203,0.488315205252481,506.125,450.025,1.1246869918699187,1.1246869918699187,15.440137549999555,3.85
isolet,20,26,0.5098128592358556,0.47453646218280365,0.46631621234656195,448.575,450.025,0.9968098053707809,0.9968098053707809,15.847332249999901,4.065
isolet,20,28,0.457185210569895,0.5894175905395418,0.5055347670281272,603.725,450.025,1.3415764966740578,1.3415764966740578,16.777310425000458,5.345000000000001
isolet,20,30,0.465894896813969,0.5821362404533137,0.5032664653106279,590.85,450.025,1.312957748213846,1.312957748213846,17.228905149999996,6.01
isolet,20,32,0.43132321506916266,0.6451320522296132,0.5091881730225485,695.325,450.025,1.5451148066026115,1.5451148066026115,17.985659425000833,7.185
isolet,20,34,0.43112345234426674,0.6451846513919685,0.5099959186825361,693.025,450.025,1.5399972899728998,1.5399972899728998,19.049494750000306,8.01
isolet,20,36,0.40635307705669665,0.6930684897758068,0.5095721587460711,778.825,450.025,1.7306505296871149,1.7306505296871149,23.48914075000259,9.09
isolet,20,38,0.40056697165765104,0.706120596205962,0.509477582492545,803.5,450.025,1.7854722838137476,1.7854722838137476,36.06895835000081,10.01
isolet,20,40,0.38168715046282875,0.7433404779502341,0.5033455527715404,884.075,450.025,1.964518107908352,1.964518107908352,21.708800949998874,11.09
isolet,20,42,0.36724839382914765,0.7762298595713231,0.4974466789531754,962.0,450.025,2.137680463168268,2.137680463168268,20.996568775000668,12.385
isolet,20,44,0.35465334797674514,0.8023920916481891,0.490720167784653,1026.55,450.025,2.281089554077359,2.281089554077359,21.2872113500012,14.01
isolet,20,46,0.35112611535090543,0.8155587583148559,0.4894325470341544,1056.425,450.025,2.347478442966248,2.347478442966248,22.409363525001424,15.110000000000003
isolet,20,48,0.34151005859678724,0.8406136979551615,0.4835181002193411,1125.95,450.025,2.501972406996797,2.501972406996797,22.94582505000058,16.68
isolet,20,50,0.32305704937553187,0.8863891352549889,0.4706937261229475,1263.6,450.025,2.80780327666913,2.80780327666913,23.686468650000236,19.189999999999998
isolet,20,52,0.3340230770549969,0.8546120965755112,0.4776493723005517,1174.975,450.025,2.610891968465139,2.610891968465139,23.802026124997866,18.81
isolet,20,54,0.35143779328229796,0.8282798718896279,0.4915065594490155,1076.025,450.025,2.3910330130574033,2.3910330130574033,24.540720900001034,18.505000000000003
isolet,20,56,0.35551687287891975,0.8132790096082779,0.49332862814063916,1039.35,450.025,2.309528332101503,2.309528332101503,24.489033424999818,19.044999999999998
isolet,20,58,0.3677814187989288,0.7896687607785169,0.5009561342056437,972.6,450.025,2.1612090416358707,2.1612090416358707,26.13164572499933,19.035
isolet,20,60,0.37751545114847496,0.7746141906873614,0.5071335804663477,928.0,450.025,2.062110002463661,2.062110002463661,25.248176024999225,19.025
isolet,20,62,0.38941264415227983,0.7479487558511948,0.5115793693693437,870.275,450.025,1.9338424488790342,1.9338424488790342,26.010093874999285,19.025
isolet,20,64,0.40221369030127363,0.727560606060606,0.5167558064818147,823.3,450.025,1.8294636610002464,1.8294636610002464,25.97072072499884,19.025
isolet,20,66,0.416699436881784,0.7032839369302784,0.5204577058261444,773.575,450.025,1.7189727765459473,1.7189727765459473,26.168324899999718,19.025
isolet,20,68,0.423971430913329,0.686119857107662,0.5200700848502653,746.0,450.025,1.6577043606799706,1.6577043606799706,26.772854149999503,19.03
isolet,20,70,0.4308637960783953,0.6726215816703622,0.5201232438845945,722.9,450.025,1.6063744764720376,1.6063744764720376,27.171877099999264,19.035
isolet,20,72,0.4490648257724037,0.6448466371027346,0.5206123692400778,673.275,450.025,1.4961070460704609,1.4961070460704609,27.430703149999758,19.044999999999998
isolet,20,74,0.4856594935194304,0.5931361172702636,0.517600672469609,587.5,450.025,1.3055176151761518,1.3055176151761518,28.156720775001176,18.314999999999998
isolet,20,76,0.498915825436162,0.5693617886178861,0.5100201743173997,559.8,450.025,1.2439684651391967,1.2439684651391967,29.537046724999172,18.335
isolet,20,78,0.5426121717346332,0.5268079576250309,0.49894168391811844,490.225,450.025,1.089359694506036,1.089359694506036,29.377284375000556,18.05
isolet,20,80,0.5615438177082778,0.5015898004434589,0.4877189067299491,458.825,450.025,1.0195874599655088,1.0195874599655088,29.38736974999898,18.065
isolet,20,82,0.5935072232085835,0.4510979305247599,0.4584116682030787,404.45,450.025,0.8987639812761763,0.8987639812761763,29.749260350000384,17.384999999999998
isolet,20,84,0.6034889408410526,0.43154483863020443,0.44480080795376936,384.8,450.025,0.85510014781966,0.85510014781966,30.189907225000212,17.395
isolet,20,86,0.611686860673574,0.41854594727765465,0.4350961298057615,371.45,450.025,0.8254347129834935,0.8254347129834935,33.15463637500038,17.415
isolet,20,88,0.6207430249357605,0.3953811283567381,0.41655511285759256,351.275,450.025,0.7806033505789604,0.7806033505789604,30.958045900001352,17.130000000000003
isolet,20,90,0.6500955963471278,0.350439886671594,0.38090755852447067,306.1,450.025,0.6802176644493717,0.6802176644493717,31.319453150000598,16.43
isolet,20,92,0.661454232046558,0.33366284799211626,0.3713484751181545,285.075,450.025,0.6334961813254496,0.6334961813254496,32.501950024999715,16.169999999999998
isolet,20,94,0.6722167437386634,0.315219881744272,0.35544789319267567,267.275,450.025,0.5939421039664943,0.5939421039664943,34.77183957499932,16.21
isolet,20,96,0.6823171398409841,0.3020534614437053,0.3448090960443313,253.575,450.025,0.5634979058881499,0.5634979058881499,32.58824059999981,16.214999999999996
isolet,20,98,0.7124768148712828,0.2631656812022666,0.31379514310686546,211.275,450.025,0.4694990145355999,0.4694990145355999,32.885407275000134,15.254999999999999
isolet,20,100,0.7175749443491297,0.25788802660753884,0.30869964056911403,205.325,450.025,0.4562769154964276,0.4562769154964276,33.580060425000724,15.275
isolet,20,102,0.7277488452511258,0.2465549396403055,0.297853288718082,195.675,450.025,0.43483271741808327,0.43483271741808327,34.216942650001414,15.294999999999998
isolet,20,104,0.7329802070682708,0.2095550628233555,0.26462062646011775,158.75,450.025,0.35277728504557776,0.35277728504557776,43.58960827500198,14.305000000000001
isolet,20,106,0.7227048506224832,0.20016629711751666,0.25462086545294393,149.4,450.025,0.33199963045084996,0.33199963045084996,34.9199301750005,14.319999999999999
isolet,20,108,0.6541889228421832,0.17038876570583888,0.2244133502459112,121.425,450.025,0.26983321015028333,0.26983321015028333,35.19299892499994,13.339999999999998
isolet,20,110,0.6363621786259559,0.16438888888888886,0.21790448850574765,116.5,450.025,0.2588888888888889,0.2588888888888889,35.91420309999975,13.3
isolet,20,112,0.6488629675152389,0.154,0.20675437378639785,107.175,450.025,0.2381666666666667,0.2381666666666667,36.523892749999476,13.280000000000001
isolet,20,114,0.6109945239054209,0.12666666666666665,0.17513112883807097,83.625,450.025,0.18583333333333332,0.18583333333333332,36.375582199998036,12.275
isolet,20,116,0.5794103538978124,0.11699999999999999,0.16424704791504935,76.1,450.025,0.16911111111111113,0.16911111111111113,36.7023936999999,12.225
isolet,20,118,0.5803944055575772,0.09483333333333333,0.13600985859644193,59.725,450.025,0.13272222222222224,0.13272222222222224,45.0846938250006,11.190000000000001
isolet,20,120,0.5795271459729406,0.09133333333333334,0.13049253634411412,57.575,450.025,0.12794444444444444,0.12794444444444444,43.967263550002045,11.125
isolet,20,122,0.5757594220773524,0.07288888888888889,0.10630292649698234,44.3,450.025,0.09844444444444445,0.09844444444444445,41.1738395499988,10.059999999999999
isolet,20,124,0.5584290059979289,0.07077777777777779,0.10325256040034474,43.025,450.025,0.0956111111111111,0.0956111111111111,38.73971247500023,9.99
isolet,20,126,0.5279079816101792,0.05355555555555556,0.0825860023876844,30.475,450.025,0.06772222222222221,0.06772222222222221,44.39210089999861,8.885
isolet,20,128,0.46407774533244367,0.03916666666666666,0.06378584795037419,21.225,450.025,0.04716666666666667,0.04716666666666667,39.32713332500413,7.815
