dataset,K,2,3,4,5,6,7,8,9,10,11,12,13,14,15,16,17,18,19,20
amazon,10,0.3787662151165834,0.3618630444882739,0.369711642479532,0.37297283573010015,0.3613841880106394,0.350160495632762,0.3578840279558992,0.36520746166595863,0.367926964996745,0.370070991093154,0.36890758523971146,0.37002701617382466,0.37397597288636475,0.3735520630302472,0.3690455130453623,0.3662219882331548,0.3576978162587118,0.35068110023145715,0.3461920189133302
amazon,20,0.3852119699365407,0.38027903628247445,0.38177672755415526,0.36769821700402555,0.37268535331873764,0.3813574980850293,0.3843913216175122,0.3821916400259966,0.37188147439127234,0.36849153894051817,0.3601521712182064,0.35936368428161913,0.3591343114842502,0.3583122833571748,0.3586558007269449,0.36164483708782424,0.3608296445797642,0.3638301472065428,0.36439970885233164
amazon,30,0.3862435284139652,0.390773204002551,0.3850464319485866,0.3795725933222463,0.3844685213503021,0.38815541964501976,0.3871581093500486,0.3883614368605671,0.3833291515837586,0.3813947432242574,0.3792157343479332,0.38003150920780815,0.3815359281169396,0.3828565067093138,0.38211189887057073,0.3842984279351425,0.3836306991967981,0.38462768235551825,0.38605844042261284
amazon,40,0.39359225738057074,0.4040139649767291,0.40590568127159393,0.40634570805793124,0.40906956982816195,0.41251440636877956,0.41350663235191654,0.41492845289944813,0.4141786072212752,0.4139668788559812,0.4127492006411132,0.41464920909168534,0.4140872782825132,0.4155777143646222,0.4163879386100563,0.41718826425809885,0.41631334297483225,0.4156582675006609,0.4164642661622569
amazon,50,0.4101395961698407,0.42684211410598316,0.4276470911692657,0.42734273131332956,0.4271549764712657,0.42694163960129,0.426299767858933,0.42567695657832727,0.42510861921239695,0.4239539096509856,0.42396759784476573,0.4241157907576383,0.4233439970571815,0.42296936922569456,0.4223624222708072,0.42211957246900383,0.42147286569135606,0.4209440098000456,0.42040586044774225
amazon,60,0.37864377980493086,0.39366646996982047,0.39316014401414207,0.393659427236872,0.3957582652757005,0.3993339197316543,0.3998726927201538,0.3998961644028253,0.4001243199459506,0.4003426200805632,0.39934067496151754,0.4016999065997448,0.4006615150875203,0.40267862328658766,0.40235432729914405,0.4039305552254117,0.40431749232411696,0.40272204952474006,0.4038859185304576
amazon,70,0.3607105682968803,0.37404000028247386,0.36943228171102266,0.36514236278548656,0.3668815066194931,0.37082497610680887,0.3680343949579254,0.36562825610613153,0.36393965443261367,0.3643304272611781,0.3615324634051279,0.3631940188093614,0.3615503438917256,0.36326773479390123,0.3640996188862483,0.36428028334319235,0.3638817798138358,0.36393333551961377,0.36435992368381864
amazon,80,0.34441580065781413,0.36498538166145617,0.3650832377718198,0.36099060901813207,0.36375150366561765,0.3621510974942058,0.3605755399788523,0.3607828730596479,0.3626455122922846,0.3590257954923863,0.35763154594878527,0.35791149497658553,0.3551833255467832,0.35737867098875375,0.35657967549893216,0.35665647025851277,0.3559877323484284,0.35335007020187925,0.35235970354138424
amazon,90,0.3288779592443518,0.3500849561822903,0.3491386521550114,0.3502202039172682,0.3539924794134528,0.35350689190228063,0.3514028000704589,0.3486169439568067,0.36018823824462554,0.3575725350138408,0.35551868327575553,0.3550501691729024,0.3536096207228775,0.3553421766996063,0.35340734649667177,0.3547830998636311,0.3546374805619664,0.3569263968880343,0.35523163797914253
amazon,100,0.29940389084049635,0.322934209094459,0.31748869788869966,0.32766026036691015,0.31897397853479825,0.30383586910957594,0.31056534367546973,0.31293413526775615,0.3283361747900245,0.3241727556152252,0.32226388604291833,0.32803193360633737,0.3257564540989958,0.325124448293574,0.3213817275282762,0.3221172123614478,0.3212624854831237,0.31518906393725316,0.31742792549635956
cifar10,10,0.445095261518573,0.444533322378521,0.44434912580689717,0.44381899605174635,0.44324941962408354,0.44277728434171487,0.4422125837297675,0.4416782235058011,0.4411805060886528,0.4406906240341095,0.4401603083164429,0.43892098935958224,0.4391176913751521,0.43862973966128765,0.438023238989312,0.4375751060510584,0.43705832854609705,0.4362045463733937,0.4360357642051284
cifar10,20,0.44540767104218215,0.44460659035780636,0.4441789346698863,0.4436754951651384,0.4431571353757786,0.44265237382724304,0.4421489630006413,0.44160450967965065,0.44107702864327114,0.44059922292955417,0.4400803686651964,0.4395728296135176,0.43899067364191163,0.43852834948472336,0.43806000808673773,0.43754550007245824,0.43709218743727385,0.43653484196291464,0.433678614668298
cifar10,30,0.443003101957744,0.44478671321059465,0.44431447301259513,0.4436689928900202,0.44331793807829156,0.44274113975051066,0.4420705286838008,0.4416312722488145,0.4409408006005147,0.4403820525699333,0.4398088010672077,0.43937080682598284,0.4388095796516063,0.43837599418229717,0.4377592586258263,0.43723139907381936,0.4365681287165579,0.4362749351401161,0.4356664827525
cifar10,40,0.4450738649651222,0.44480011587021917,0.44391861352828815,0.4435675437540504,0.44299924911393523,0.44264563571464477,0.4419675726103018,0.4416063719765538,0.44112377968776595,0.44049625278421733,0.4400435479115143,0.4395824572699211,0.43901587067045783,0.4385327434722784,0.43775358748195003,0.43728506653400756,0.43707082027444144,0.4365788753542468,0.43590867255003407
cifar10,50,0.445135828775443,0.4448525077772651,0.44435804684142005,0.44383782564580315,0.4433038665593129,0.4427893079575208,0.4422716537213384,0.4417383257317669,0.44119862906079865,0.440671067333821,0.4401237191252557,0.43965088612725356,0.43914889994438877,0.4386169819923269,0.43806387339930153,0.4376037319858742,0.4369943145169828,0.4365893330731585,0.4358156318048234
cifar10,60,0.44505767055236317,0.4448485738865917,0.44419628742950956,0.44380104247646873,0.44321012792035075,0.4427006008155204,0.4422100746609593,0.44176546735092753,0.44113359081294123,0.4406425386552508,0.44002793347376173,0.4396125381297433,0.4391167929126321,0.4383172565720355,0.4377655891883896,0.4372827888496167,0.43684257445837094,0.43639984529834674,0.4356424430021047
cifar10,70,0.4449330863629285,0.4446516639991143,0.44421085716412734,0.4435872192637503,0.44302363015181095,0.4421992095701964,0.4419739266854307,0.4414373683989278,0.44081007929222377,0.4404064551608938,0.43967358922759336,0.4391859723887466,0.4387884347887654,0.43825777101482843,0.4374787628682887,0.4373036663468108,0.4366775790495285,0.4362207854955213,0.4353585781882932
cifar10,80,0.44494053875675726,0.44471408933134227,0.44421998535800444,0.44358471803245547,0.44321069934536644,0.4427002898092537,0.40249999999988795,0.4399032523843125,0.44042812050500174,0.4402683858400205,0.43990682254374947,0.43953760539421505,0.439061723074274,0.4384643880024557,0.43786231070865855,0.4374403771083229,0.4370041185171422,0.43651363030321555,0.4360702545494094
cifar10,90,0.44502464297059696,0.44481738687046507,0.44427831363706066,0.4436049199014954,0.4432220785049134,0.4427222139689874,0.4421686016384505,0.44165877100860546,0.4411162612095209,0.44065874054924664,0.43998201266990844,0.43957801037923777,0.43906823977754705,0.4385315484316314,0.4379533258163446,0.4375303893722172,0.4370116152641389,0.4365173486626671,0.4359913815106742
cifar10,100,0.4449677760290909,0.4448292776050421,0.44432061102208725,0.4436167352892185,0.4432671646149966,0.44275300821947006,0.44224048184582376,0.44167854234956094,0.4410984105904794,0.4405296736659615,0.4399546043975985,0.4395924456294579,0.4389015879842736,0.4385726805228959,0.4380132420797744,0.43748770634657774,0.4370452367146667,0.43632546938153594,0.4357370786785868
cifar10_gist512,10,0.40842281320573215,0.38554896471111866,0.3835325040403488,0.39049442507591625,0.3951257204313181,0.39985436689704457,0.40272395152920415,0.38292554036441634,0.3682399842264286,0.3676444644654168,0.36018422594501465,0.3550140493965484,0.3563470007639898,0.35651611963473623,0.35516500421510994,0.35501167317061944,0.35575183244034164,0.3564235780875029,0.3569291787207204
cifar10_gist512,20,0.4091394085578687,0.4056672033721459,0.40651569701904167,0.4112611616152645,0.40908898801591703,0.4103410960997014,0.4054399087732979,0.40589257422724084,0.40131513473220337,0.40237107633288605,0.4020779225609698,0.4031904483044028,0.40458579426424884,0.4055373484647274,0.39274779204637583,0.40563678922317714,0.407140772849923,0.4118227565622888,0.4126249879289073
cifar10_gist512,30,0.4353087328214757,0.44010177374524984,0.44327757901951803,0.44268984204702827,0.43890503853270535,0.43152960940092494,0.44080298173787813,0.44264533080249574,0.4455439701765206,0.44851164583605374,0.44879500646537956,0.44745574886895234,0.4503969544820694,0.4535463059342915,0.45672800528315743,0.45768838429190295,0.45770853258133193,0.4591021454402786,0.45903350901053785
cifar10_gist512,40,0.48449130711919486,0.49275271907777535,0.49944834496201534,0.5050313093838439,0.5080201922970775,0.5118564377381153,0.5119342502653615,0.5109003352814695,0.5116504256998342,0.5133744922808378,0.5162438882697122,0.516870490205401,0.5183994250836997,0.5204102100655057,0.522842602137797,0.5222441808277654,0.5235201824031969,0.5253187367340468,0.5258964589578916
cifar10_gist512,50,0.5159165711804224,0.5194846009393397,0.5165836773403852,0.5143643700847489,0.5095704580267417,0.50426742076445,0.5007311428246247,0.4974706347273988,0.4943380631465808,0.4913578169887606,0.4890017594110118,0.4871424165324444,0.4848983441951613,0.4825364402131714,0.4804252727079472,0.4782646574772313,0.4760738385615106,0.47397185912119305,0.47226178408515807
cifar10_gist512,60,0.46719122660122125,0.48072754075232277,0.4842097220361359,0.48521564959826285,0.4926587688400433,0.4959361371262909,0.497799739582,0.49951622336333285,0.5020302224252632,0.5024249639682719,0.5035212836262117,0.5048689043174724,0.5074578352333452,0.5094150448337961,0.5118832996032151,0.5117896213210479,0.512404552120702,0.5141944393745677,0.5142194396865674
cifar10_gist512,70,0.4066685195641288,0.42455481643178083,0.4222618692135332,0.43058775699188867,0.42892805860268074,0.4271074224033863,0.42265589836198414,0.4203010864703824,0.41850453879145477,0.41984562808749687,0.42155575789992406,0.4279873576317239,0.4291345008754259,0.4339115666771189,0.4330405839605983,0.4386985365235023,0.43536876101753086,0.4370325969096009,0.4360828971167419
cifar10_gist512,80,0.3230576047973261,0.29676544535178956,0.3045021066273653,0.31793382634634615,0.31752502067311084,0.2987816121341541,0.2917757234281346,0.3031300663894133,0.303416142134127,0.3037338353600949,0.31009194224431835,0.3130399784529269,0.3195677525749166,0.31981019641599856,0.31978371050102394,0.3187871438230893,0.3190240084942896,0.33156548631365745,0.3308204618428716
cifar10_gist512,90,0.24268756484911563,0.23970124645114105,0.23838041036095087,0.23321118891741913,0.23328969495154403,0.23199731672492668,0.23170671462389533,0.23146856446419037,0.2313306021342248,0.2313868963899597,0.23048235423910007,0.2431001411654602,0.24314333523730308,0.24316703258858613,0.23667013685246374,0.2372307647606931,0.24345280781206377,0.23627303798344618,0.23594715526082902
cifar10_gist512,100,0.1991108052154914,0.20306674228733435,0.20198878453821922,0.20216978245977021,0.2016708116750441,0.2014783329081672,0.201234090613185,0.20036000553521166,0.20069120077388136,0.19958128205712833,0.199303515396383,0.19975165853184385,0.19897881001982567,0.1979356234921671,0.16812581228457957,0.1973661002139917,0.19410800760035232,0.19537007862057204,0.19680669110811966
isolet,10,0.44728693216829657,0.45638810280315767,0.4755171544561587,0.4755978457405201,0.4659159267097975,0.4486579982772328,0.44089027374197526,0.4461071556051707,0.4477397065858699,0.4495087542394875,0.4530709247432511,0.45366564234403783,0.4558981984616996,0.45679808322252746,0.45770377810755414,0.4593516939756669,0.46350732526644756,0.46315042291219166,0.4653377215133152
isolet,20,0.4585517229693763,0.475203899295164,0.48380049513891343,0.4881880000569328,0.4918944746204662,0.495737301041599,0.49556444854711806,0.49230738107794075,0.49548580695852557,0.49633247200699715,0.49651630772391153,0.4955966249575401,0.4939322349861718,0.49115833049887503,0.49233020411161965,0.49152084057558715,0.49679380624935143,0.4959562259355136,0.49605245040972157
isolet,30,0.4729949676786649,0.4966543231646078,0.5065809717164342,0.5089021836858325,0.5091756000688866,0.5139132040033644,0.5169072471526264,0.5164419935176069,0.519225475283261,0.5214929569213584,0.5210474581701013,0.5224179232472774,0.5237043252600879,0.5214538228189232,0.5205091507910444,0.5183147675444495,0.5207088368484327,0.5213429824098834,0.5212915270913181
isolet,40,0.4863776391518894,0.5145954863785908,0.516553132288503,0.5196402042294612,0.5199141425807421,0.5198846736294426,0.5194741171612106,0.5197879686586093,0.5181565870537367,0.5169296572065455,0.5142606073617315,0.5148376578688661,0.516678483833613,0.5151611514860334,0.5139288596547302,0.5123699832987332,0.5120657307221483,0.5107436101772014,0.5102831701602242
isolet,50,0.47758436122825987,0.4945401523403879,0.490430579950127,0.4898122081386924,0.48364776021816974,0.4752305346440337,0.471675075528244,0.47048124285614396,0.46621807198579573,0.4648532625864738,0.46137424677674155,0.4604428412229584,0.4598286451806499,0.45832686106360865,0.4568127509540544,0.45516592562317815,0.4542370124235325,0.45396275745008474,0.4537426510664897
isolet,60,0.48074179772049336,0.5194789178403186,0.5266896091551236,0.5310361303507481,0.5319963901196416,0.5355672540613121,0.5374998409153695,0.536576187035667,0.5331353577047845,0.5344191836132236,0.530912806303446,0.5317319175577182,0.5323910959504113,0.5306527198171107,0.52909327716911,0.5282890034763752,0.5286557110909232,0.525521220774582,0.5159025807280792
isolet,70,0.48098884509834977,0.5100112851427802,0.5105056306776166,0.5155549775428835,0.514778522359754,0.5187695057242839,0.5113874239237909,0.517899441947938,0.5190955190319806,0.5219041170126429,0.5197709117459323,0.5221801821449761,0.5235352459158364,0.5223829476484101,0.5223915324639897,0.5219484151093512,0.5233666506895025,0.5220617554825492,0.5238994736992865
isolet,80,0.46914801177131715,0.493846456955449,0.49728442237441417,0.4931987473524547,0.4954809918443972,0.49691498754757957,0.4970829614857858,0.49790002952974605,0.4965159990024661,0.4982989493139547,0.4963984019122407,0.4986260466532295,0.4996515164320492,0.49681051467938253,0.49647160924281175,0.49595993594245585,0.4963816815419692,0.49719666590823863,0.49808141745378015
isolet,90,0.4289086072742226,0.44076454540296706,0.4343902015986603,0.4397515270679926,0.43014807913991737,0.4359408063217985,0.44371796697712373,0.44886350870903763,0.45277894995552087,0.4459791549913425,0.4418458152804823,0.4432275905641966,0.4390757132119608,0.43813754979379715,0.4447493000325347,0.44496838035919795,0.4456089958240098,0.4390500212600511,0.43936666829398546
isolet,100,0.32532282019729614,0.33769432779873243,0.32949714572078675,0.32399620004306784,0.31929546639009426,0.31929834551402114,0.32501076129093004,0.31796245773618836,0.3179348665437962,0.31743993364105416,0.31931020331471816,0.31817379408626073,0.3183406095202149,0.31080207893076106,0.30815162092141324,0.3077870885363158,0.30798903147070683,0.3079691877146975,0.3128476701026365
