dataset,L,K,radius_mode,radius_percentile,bandwidth_factor,delta,angle_alpha,sphere_layer_rule,theta_rule,norm_filter_rule,hamming_threshold_rule,lookup_rule,point_precision,point_recall,point_f1,kernel_weighted_recall,kde_abs_relative_error_vs_exact_r25,kde_abs_relative_error_vs_global,candidate_size,exact_r25_candidate_size,candidate_expansion_ratio,mean_hamming_threshold,mean_theta_deg,query_time_ms,build_time_s
cifar10_gist512,20,2,query_adaptive_R25,25.0,0.14,1.6133838891983032,0.95,round(norm/delta),layer-wise cosine theorem,disabled: no norm-table or radial-layer candidate filter,"per-query, per-layer Eq. I_threshold with Binomial(K, theta/pi)",distance-table hash-bucket lookup with per-layer thresholds; union over L tables without intersecting sphere-layer masks or exact norm-table filter,0.26263989006404564,0.9442222222222222,0.41041745865298207,0.9754365881809038,0.023683040742352307,0.024660963099443437,1625.05,450.0,3.611222222222222,0.0,17.84474377865812,1.6531229000023018,45.899142499999925
cifar10_gist512,20,4,query_adaptive_R25,25.0,0.14,1.6133838891983032,0.95,round(norm/delta),layer-wise cosine theorem,disabled: no norm-table or radial-layer candidate filter,"per-query, per-layer Eq. I_threshold with Binomial(K, theta/pi)",distance-table hash-bucket lookup with per-layer thresholds; union over L tables without intersecting sphere-layer masks or exact norm-table filter,0.32700761858724875,0.6275555555555556,0.4277489618332737,0.7890756111563652,0.20957925092276347,0.21146830900497987,878.1,450.0,1.9513333333333336,0.0,17.84474377865812,2.4672490499995092,45.899142499999925
cifar10_gist512,20,6,query_adaptive_R25,25.0,0.14,1.6133838891983032,0.95,round(norm/delta),layer-wise cosine theorem,disabled: no norm-table or radial-layer candidate filter,"per-query, per-layer Eq. I_threshold with Binomial(K, theta/pi)",distance-table hash-bucket lookup with per-layer thresholds; union over L tables without intersecting sphere-layer masks or exact norm-table filter,0.36103746787892843,0.2763333333333334,0.3088226130767519,0.494733356754693,0.5047331712986647,0.5057572170141494,353.825,450.0,0.7862777777777777,0.0,17.84474377865812,3.6704031499965595,45.899142499999925
cifar10_gist512,20,8,query_adaptive_R25,25.0,0.14,1.6133838891983032,0.95,round(norm/delta),layer-wise cosine theorem,disabled: no norm-table or radial-layer candidate filter,"per-query, per-layer Eq. I_threshold with Binomial(K, theta/pi)",distance-table hash-bucket lookup with per-layer thresholds; union over L tables without intersecting sphere-layer masks or exact norm-table filter,0.4052161036958145,0.12105555555555556,0.1836797314025937,0.2806392030560974,0.7191702867845857,0.7195613709425015,134.675,450.0,0.29927777777777775,0.0,17.84474377865812,5.449708400006159,45.899142499999925
cifar10_gist512,20,10,query_adaptive_R25,25.0,0.14,1.6133838891983032,0.95,round(norm/delta),layer-wise cosine theorem,disabled: no norm-table or radial-layer candidate filter,"per-query, per-layer Eq. I_threshold with Binomial(K, theta/pi)",distance-table hash-bucket lookup with per-layer thresholds; union over L tables without intersecting sphere-layer masks or exact norm-table filter,0.4244188450276246,0.05655555555555556,0.09376498646587475,0.14082105341532375,0.8591013606250062,0.8593077385837112,55.85,450.0,0.1241111111111111,0.008333333333333333,17.84474377865812,8.772378175000028,45.899142499999925
cifar10_gist512,20,12,query_adaptive_R25,25.0,0.14,1.6133838891983032,0.95,round(norm/delta),layer-wise cosine theorem,disabled: no norm-table or radial-layer candidate filter,"per-query, per-layer Eq. I_threshold with Binomial(K, theta/pi)",distance-table hash-bucket lookup with per-layer thresholds; union over L tables without intersecting sphere-layer masks or exact norm-table filter,0.4079877129551034,0.1796111111111111,0.2335277236341468,0.39987508216112144,0.5998362657875361,0.6005788997808537,189.65,450.0,0.4214444444444444,1.1023809523809525,17.84474377865812,16.23784069999914,45.899142499999925
cifar10_gist512,20,14,query_adaptive_R25,25.0,0.14,1.6133838891983032,0.95,round(norm/delta),layer-wise cosine theorem,disabled: no norm-table or radial-layer candidate filter,"per-query, per-layer Eq. I_threshold with Binomial(K, theta/pi)",distance-table hash-bucket lookup with per-layer thresholds; union over L tables without intersecting sphere-layer masks or exact norm-table filter,0.42051340643584306,0.20949999999999996,0.2760162028265175,0.46786118131326837,0.5318169083883489,0.5327081773261769,220.8,450.0,0.49066666666666664,1.642857142857143,17.84474377865812,15.565695924995282,45.899142499999925
cifar10_gist512,20,16,query_adaptive_R25,25.0,0.14,1.6133838891983032,0.95,round(norm/delta),layer-wise cosine theorem,disabled: no norm-table or radial-layer candidate filter,"per-query, per-layer Eq. I_threshold with Binomial(K, theta/pi)",distance-table hash-bucket lookup with per-layer thresholds; union over L tables without intersecting sphere-layer masks or exact norm-table filter,0.4656720255434192,0.11488888888888889,0.1759743328968958,0.33335288117514883,0.6665093826129072,0.6670167350679752,106.275,450.0,0.23616666666666664,1.8302083333333337,17.84474377865812,17.171445774995675,45.899142499999925
cifar10_gist512,20,18,query_adaptive_R25,25.0,0.14,1.6133838891983032,0.95,round(norm/delta),layer-wise cosine theorem,disabled: no norm-table or radial-layer candidate filter,"per-query, per-layer Eq. I_threshold with Binomial(K, theta/pi)",distance-table hash-bucket lookup with per-layer thresholds; union over L tables without intersecting sphere-layer masks or exact norm-table filter,0.48695041081910134,0.09144444444444444,0.13986732644250413,0.2654482587520102,0.7344689060315217,0.7348234934847714,76.75,450.0,0.17055555555555554,2.1361607142857144,17.84474377865812,20.574160500000005,45.899142499999925
cifar10_gist512,20,20,query_adaptive_R25,25.0,0.14,1.6133838891983032,0.95,round(norm/delta),layer-wise cosine theorem,disabled: no norm-table or radial-layer candidate filter,"per-query, per-layer Eq. I_threshold with Binomial(K, theta/pi)",distance-table hash-bucket lookup with per-layer thresholds; union over L tables without intersecting sphere-layer masks or exact norm-table filter,0.4975603892464089,0.10244444444444445,0.16049779832407862,0.31060555776714827,0.6892756989253703,0.6897358631544581,86.725,450.0,0.1927222222222222,2.5532738095238097,17.84474377865812,18.391796900000656,45.899142499999925
cifar10_gist512,20,22,query_adaptive_R25,25.0,0.14,1.6133838891983032,0.95,round(norm/delta),layer-wise cosine theorem,disabled: no norm-table or radial-layer candidate filter,"per-query, per-layer Eq. I_threshold with Binomial(K, theta/pi)",distance-table hash-bucket lookup with per-layer thresholds; union over L tables without intersecting sphere-layer masks or exact norm-table filter,0.475303717263823,0.16461111111111112,0.23219286526409216,0.39953758761269054,0.6002759216755276,0.6009403876552666,146.275,450.0,0.32505555555555554,3.802529761904762,17.84474377865812,19.09442299999995,45.899142499999925
cifar10_gist512,20,24,query_adaptive_R25,25.0,0.14,1.6133838891983032,0.95,round(norm/delta),layer-wise cosine theorem,disabled: no norm-table or radial-layer candidate filter,"per-query, per-layer Eq. I_threshold with Binomial(K, theta/pi)",distance-table hash-bucket lookup with per-layer thresholds; union over L tables without intersecting sphere-layer masks or exact norm-table filter,0.4844703345508868,0.15572222222222223,0.21623186963454075,0.3902127764631568,0.609601496284446,0.6102643336015048,131.0,450.0,0.29111111111111115,4.0617559523809526,17.84474377865812,18.363937449997536,45.899142499999925
cifar10_gist512,20,26,query_adaptive_R25,25.0,0.14,1.6133838891983032,0.95,round(norm/delta),layer-wise cosine theorem,disabled: no norm-table or radial-layer candidate filter,"per-query, per-layer Eq. I_threshold with Binomial(K, theta/pi)",distance-table hash-bucket lookup with per-layer thresholds; union over L tables without intersecting sphere-layer masks or exact norm-table filter,0.5146295602639614,0.13394444444444445,0.1997922379223172,0.40454008346052933,0.595335799172924,0.5959505994923975,109.025,450.0,0.24227777777777776,4.625,17.84474377865812,20.46687607500246,45.899142499999925
cifar10_gist512,20,28,query_adaptive_R25,25.0,0.14,1.6133838891983032,0.95,round(norm/delta),layer-wise cosine theorem,disabled: no norm-table or radial-layer candidate filter,"per-query, per-layer Eq. I_threshold with Binomial(K, theta/pi)",distance-table hash-bucket lookup with per-layer thresholds; union over L tables without intersecting sphere-layer masks or exact norm-table filter,0.4902944328885381,0.2018333333333333,0.2674630057690344,0.5374085590999907,0.4623448642869813,0.4633886954612591,174.85,450.0,0.38855555555555554,5.908630952380952,17.84474377865812,19.207366599999887,45.899142499999925
cifar10_gist512,20,30,query_adaptive_R25,25.0,0.14,1.6133838891983032,0.95,round(norm/delta),layer-wise cosine theorem,disabled: no norm-table or radial-layer candidate filter,"per-query, per-layer Eq. I_threshold with Binomial(K, theta/pi)",distance-table hash-bucket lookup with per-layer thresholds; union over L tables without intersecting sphere-layer masks or exact norm-table filter,0.5278428206423305,0.20238888888888887,0.27492926029502496,0.551270556106793,0.448516764164203,0.4495864287989132,164.875,450.0,0.3663888888888889,6.488541666666667,17.84474377865812,20.553476050000086,45.899142499999925
cifar10_gist512,20,32,query_adaptive_R25,25.0,0.14,1.6133838891983032,0.95,round(norm/delta),layer-wise cosine theorem,disabled: no norm-table or radial-layer candidate filter,"per-query, per-layer Eq. I_threshold with Binomial(K, theta/pi)",distance-table hash-bucket lookup with per-layer thresholds; union over L tables without intersecting sphere-layer masks or exact norm-table filter,0.5018327793046459,0.27855555555555556,0.34480109578472967,0.6118617654583829,0.3877950267491044,0.3891053834626735,238.575,450.0,0.5301666666666667,7.812202380952381,17.84474377865812,20.97669172499792,45.899142499999925
cifar10_gist512,20,34,query_adaptive_R25,25.0,0.14,1.6133838891983032,0.95,round(norm/delta),layer-wise cosine theorem,disabled: no norm-table or radial-layer candidate filter,"per-query, per-layer Eq. I_threshold with Binomial(K, theta/pi)",distance-table hash-bucket lookup with per-layer thresholds; union over L tables without intersecting sphere-layer masks or exact norm-table filter,0.5101717731531205,0.27111111111111114,0.3384343305414068,0.6101233177206432,0.3895354978934729,0.3908122259289496,230.2,450.0,0.5115555555555555,8.448958333333334,17.84474377865812,20.14893015000041,45.899142499999925
cifar10_gist512,20,36,query_adaptive_R25,25.0,0.14,1.6133838891983032,0.95,round(norm/delta),layer-wise cosine theorem,disabled: no norm-table or radial-layer candidate filter,"per-query, per-layer Eq. I_threshold with Binomial(K, theta/pi)",distance-table hash-bucket lookup with per-layer thresholds; union over L tables without intersecting sphere-layer masks or exact norm-table filter,0.5084421646917552,0.34911111111111115,0.40282410554086256,0.712738701652819,0.2868399659085403,0.2884100690320299,301.7,450.0,0.6704444444444444,9.778869047619049,17.84474377865812,20.644855249997818,45.899142499999925
cifar10_gist512,20,38,query_adaptive_R25,25.0,0.14,1.6133838891983032,0.95,round(norm/delta),layer-wise cosine theorem,disabled: no norm-table or radial-layer candidate filter,"per-query, per-layer Eq. I_threshold with Binomial(K, theta/pi)",distance-table hash-bucket lookup with per-layer thresholds; union over L tables without intersecting sphere-layer masks or exact norm-table filter,0.5240703644391187,0.33216666666666667,0.39331967936290474,0.700370778147137,0.2992494503249836,0.30080066944464245,278.95,450.0,0.6198888888888889,10.479613095238095,17.84474377865812,21.336567749997926,45.899142499999925
cifar10_gist512,20,40,query_adaptive_R25,25.0,0.14,1.6133838891983032,0.95,round(norm/delta),layer-wise cosine theorem,disabled: no norm-table or radial-layer candidate filter,"per-query, per-layer Eq. I_threshold with Binomial(K, theta/pi)",distance-table hash-bucket lookup with per-layer thresholds; union over L tables without intersecting sphere-layer masks or exact norm-table filter,0.4938612489680315,0.41200000000000003,0.43990077774611114,0.7786477732207241,0.220806959266236,0.22260338361289786,370.275,450.0,0.8228333333333333,11.82514880952381,17.84474377865812,21.565664449997257,45.899142499999925
cifar10_gist512,20,42,query_adaptive_R25,25.0,0.14,1.6133838891983032,0.95,round(norm/delta),layer-wise cosine theorem,disabled: no norm-table or radial-layer candidate filter,"per-query, per-layer Eq. I_threshold with Binomial(K, theta/pi)",distance-table hash-bucket lookup with per-layer thresholds; union over L tables without intersecting sphere-layer masks or exact norm-table filter,0.4535435078672889,0.5493888888888889,0.49070403444897187,0.8665160267224884,0.13261122230938777,0.13467687257420757,544.525,450.0,1.2100555555555554,13.348363095238096,17.84474377865812,22.259171950003065,45.899142499999925
cifar10_gist512,20,44,query_adaptive_R25,25.0,0.14,1.6133838891983032,0.95,round(norm/delta),layer-wise cosine theorem,disabled: no norm-table or radial-layer candidate filter,"per-query, per-layer Eq. I_threshold with Binomial(K, theta/pi)",distance-table hash-bucket lookup with per-layer thresholds; union over L tables without intersecting sphere-layer masks or exact norm-table filter,0.4593041511860524,0.5398888888888889,0.48859157435154177,0.8721474107776336,0.127043779961779,0.1291189946393341,527.1,450.0,1.1713333333333333,14.421726190476189,17.84474377865812,22.40284477500154,45.899142499999925
cifar10_gist512,20,46,query_adaptive_R25,25.0,0.14,1.6133838891983032,0.95,round(norm/delta),layer-wise cosine theorem,disabled: no norm-table or radial-layer candidate filter,"per-query, per-layer Eq. I_threshold with Binomial(K, theta/pi)",distance-table hash-bucket lookup with per-layer thresholds; union over L tables without intersecting sphere-layer masks or exact norm-table filter,0.42514112522218594,0.654888888888889,0.5124055301741579,0.9263533438203442,0.07253577850640433,0.0747442737840081,691.7,450.0,1.5371111111111113,15.944791666666669,17.84474377865812,23.241643699996928,45.899142499999925
cifar10_gist512,20,48,query_adaptive_R25,25.0,0.14,1.6133838891983032,0.95,round(norm/delta),layer-wise cosine theorem,disabled: no norm-table or radial-layer candidate filter,"per-query, per-layer Eq. I_threshold with Binomial(K, theta/pi)",distance-table hash-bucket lookup with per-layer thresholds; union over L tables without intersecting sphere-layer masks or exact norm-table filter,0.3747717964350122,0.7912777777777779,0.5068720244596117,0.9689184051319796,0.02955523954703277,0.03187150151027133,952.975,450.0,2.1177222222222225,17.845386904761902,17.84474377865812,23.865226125001016,45.899142499999925
cifar10_gist512,20,50,query_adaptive_R25,25.0,0.14,1.6133838891983032,0.95,round(norm/delta),layer-wise cosine theorem,disabled: no norm-table or radial-layer candidate filter,"per-query, per-layer Eq. I_threshold with Binomial(K, theta/pi)",distance-table hash-bucket lookup with per-layer thresholds; union over L tables without intersecting sphere-layer masks or exact norm-table filter,0.3222132112652811,0.9139444444444444,0.47585474647304293,0.9919485947628427,0.006957483486097107,0.008477029118857457,1281.425,450.0,2.847611111111111,20.47425595238095,17.84474377865812,24.74509802499938,45.899142499999925
cifar10_gist512,20,52,query_adaptive_R25,25.0,0.14,1.6133838891983032,0.95,round(norm/delta),layer-wise cosine theorem,disabled: no norm-table or radial-layer candidate filter,"per-query, per-layer Eq. I_threshold with Binomial(K, theta/pi)",distance-table hash-bucket lookup with per-layer thresholds; union over L tables without intersecting sphere-layer masks or exact norm-table filter,0.36015429846934066,0.8386666666666667,0.5027395965904959,0.9780105551956915,0.02035011633117443,0.02267548225859226,1053.525,450.0,2.341166666666667,20.11235119047619,17.84474377865812,24.322744800002738,45.899142499999925
cifar10_gist512,20,54,query_adaptive_R25,25.0,0.14,1.6133838891983032,0.95,round(norm/delta),layer-wise cosine theorem,disabled: no norm-table or radial-layer candidate filter,"per-query, per-layer Eq. I_threshold with Binomial(K, theta/pi)",distance-table hash-bucket lookup with per-layer thresholds; union over L tables without intersecting sphere-layer masks or exact norm-table filter,0.40059653961281255,0.7319444444444445,0.5150300414353397,0.9500225359793969,0.04862901518270506,0.050939310054887665,823.225,450.0,1.829388888888889,19.738690476190477,17.84474377865812,24.979261275002784,45.899142499999925
cifar10_gist512,20,56,query_adaptive_R25,25.0,0.14,1.6133838891983032,0.95,round(norm/delta),layer-wise cosine theorem,disabled: no norm-table or radial-layer candidate filter,"per-query, per-layer Eq. I_threshold with Binomial(K, theta/pi)",distance-table hash-bucket lookup with per-layer thresholds; union over L tables without intersecting sphere-layer masks or exact norm-table filter,0.44000316593726574,0.6223888888888889,0.5107337002543324,0.917262434833367,0.08172903978383242,0.08393103328899716,634.275,450.0,1.4095,19.849553571428572,17.84474377865812,25.02568750000478,45.899142499999925
cifar10_gist512,20,58,query_adaptive_R25,25.0,0.14,1.6133838891983032,0.95,round(norm/delta),layer-wise cosine theorem,disabled: no norm-table or radial-layer candidate filter,"per-query, per-layer Eq. I_threshold with Binomial(K, theta/pi)",distance-table hash-bucket lookup with per-layer thresholds; union over L tables without intersecting sphere-layer masks or exact norm-table filter,0.48056342796665846,0.5225,0.4924096280245346,0.8673992525498427,0.13187830875925105,0.133937860439775,485.375,450.0,1.0786111111111112,19.76517857142857,17.84474377865812,24.87758137499725,45.899142499999925
cifar10_gist512,20,60,query_adaptive_R25,25.0,0.14,1.6133838891983032,0.95,round(norm/delta),layer-wise cosine theorem,disabled: no norm-table or radial-layer candidate filter,"per-query, per-layer Eq. I_threshold with Binomial(K, theta/pi)",distance-table hash-bucket lookup with per-layer thresholds; union over L tables without intersecting sphere-layer masks or exact norm-table filter,0.5133498476949827,0.4321666666666667,0.4557732598746986,0.8142183090452194,0.18525586236636207,0.1871298623963384,374.9,450.0,0.8331111111111109,19.740178571428572,17.84474377865812,25.94102707500099,45.899142499999925
cifar10_gist512,20,62,query_adaptive_R25,25.0,0.14,1.6133838891983032,0.95,round(norm/delta),layer-wise cosine theorem,disabled: no norm-table or radial-layer candidate filter,"per-query, per-layer Eq. I_threshold with Binomial(K, theta/pi)",distance-table hash-bucket lookup with per-layer thresholds; union over L tables without intersecting sphere-layer masks or exact norm-table filter,0.5448113280242882,0.36327777777777776,0.4172290500628469,0.759552543611408,0.240046757968624,0.24173462933170575,295.05,450.0,0.6556666666666666,19.73705357142857,17.84474377865812,27.048607225005128,45.899142499999925
cifar10_gist512,20,64,query_adaptive_R25,25.0,0.14,1.6133838891983032,0.95,round(norm/delta),layer-wise cosine theorem,disabled: no norm-table or radial-layer candidate filter,"per-query, per-layer Eq. I_threshold with Binomial(K, theta/pi)",distance-table hash-bucket lookup with per-layer thresholds; union over L tables without intersecting sphere-layer masks or exact norm-table filter,0.5789791229369607,0.3016111111111111,0.37189246857976155,0.7147599318865211,0.28496022343242416,0.2864766111146559,231.425,450.0,0.5142777777777777,19.751636904761902,17.84474377865812,26.254902124998125,45.899142499999925
cifar10_gist512,20,66,query_adaptive_R25,25.0,0.14,1.6133838891983032,0.95,round(norm/delta),layer-wise cosine theorem,disabled: no norm-table or radial-layer candidate filter,"per-query, per-layer Eq. I_threshold with Binomial(K, theta/pi)",distance-table hash-bucket lookup with per-layer thresholds; union over L tables without intersecting sphere-layer masks or exact norm-table filter,0.6038946857900145,0.2572222222222222,0.33271029750041936,0.6630855331970191,0.33669945374764704,0.3380625582319775,187.825,450.0,0.4173888888888889,19.770833333333332,17.84474377865812,27.85307070000016,45.899142499999925
cifar10_gist512,20,68,query_adaptive_R25,25.0,0.14,1.6133838891983032,0.95,round(norm/delta),layer-wise cosine theorem,disabled: no norm-table or radial-layer candidate filter,"per-query, per-layer Eq. I_threshold with Binomial(K, theta/pi)",distance-table hash-bucket lookup with per-layer thresholds; union over L tables without intersecting sphere-layer masks or exact norm-table filter,0.6298229095649532,0.2227222222222222,0.2979789894989745,0.6293109752393151,0.37052473217029236,0.37181636662473044,155.225,450.0,0.3449444444444444,19.81502976190476,17.84474377865812,31.151118725000515,45.899142499999925
cifar10_gist512,20,70,query_adaptive_R25,25.0,0.14,1.6133838891983032,0.95,round(norm/delta),layer-wise cosine theorem,disabled: no norm-table or radial-layer candidate filter,"per-query, per-layer Eq. I_threshold with Binomial(K, theta/pi)",distance-table hash-bucket lookup with per-layer thresholds; union over L tables without intersecting sphere-layer masks or exact norm-table filter,0.6525785510929689,0.18872222222222224,0.26008612461543273,0.590600088575566,0.40927508269120194,0.41038859228106983,125.125,450.0,0.27805555555555556,19.83422619047619,17.84474377865812,27.682655174997706,45.899142499999925
cifar10_gist512,20,72,query_adaptive_R25,25.0,0.14,1.6133838891983032,0.95,round(norm/delta),layer-wise cosine theorem,disabled: no norm-table or radial-layer candidate filter,"per-query, per-layer Eq. I_threshold with Binomial(K, theta/pi)",distance-table hash-bucket lookup with per-layer thresholds; union over L tables without intersecting sphere-layer masks or exact norm-table filter,0.6836108545709211,0.16311111111111112,0.23094557492027595,0.5481177383063582,0.4517834669414581,0.45278417492102874,102.825,450.0,0.2285,19.87485119047619,17.84474377865812,32.46559064999417,45.899142499999925
cifar10_gist512,20,74,query_adaptive_R25,25.0,0.14,1.6133838891983032,0.95,round(norm/delta),layer-wise cosine theorem,disabled: no norm-table or radial-layer candidate filter,"per-query, per-layer Eq. I_threshold with Binomial(K, theta/pi)",distance-table hash-bucket lookup with per-layer thresholds; union over L tables without intersecting sphere-layer masks or exact norm-table filter,0.7198403029736633,0.13744444444444442,0.1994028522789743,0.5118982778701335,0.4880372749494521,0.48883401469678667,82.4,450.0,0.18311111111111109,19.64270833333333,17.84474377865812,27.804123900000377,45.899142499999925
cifar10_gist512,20,76,query_adaptive_R25,25.0,0.14,1.6133838891983032,0.95,round(norm/delta),layer-wise cosine theorem,disabled: no norm-table or radial-layer candidate filter,"per-query, per-layer Eq. I_threshold with Binomial(K, theta/pi)",distance-table hash-bucket lookup with per-layer thresholds; union over L tables without intersecting sphere-layer masks or exact norm-table filter,0.7407103605208023,0.11933333333333333,0.17269540831569946,0.46878560785530643,0.53117140317315,0.5318499646444959,69.2,450.0,0.15377777777777776,19.698363095238097,17.84474377865812,34.01036250000544,45.899142499999925
cifar10_gist512,20,78,query_adaptive_R25,25.0,0.14,1.6133838891983032,0.95,round(norm/delta),layer-wise cosine theorem,disabled: no norm-table or radial-layer candidate filter,"per-query, per-layer Eq. I_threshold with Binomial(K, theta/pi)",distance-table hash-bucket lookup with per-layer thresholds; union over L tables without intersecting sphere-layer masks or exact norm-table filter,0.8130976124576245,0.07994444444444444,0.1183155090079175,0.36892402036030925,0.6310600980111973,0.631548468105761,42.875,450.0,0.09527777777777777,19.03467261904762,17.84474377865812,28.925922874996957,45.899142499999925
cifar10_gist512,20,80,query_adaptive_R25,25.0,0.14,1.6133838891983032,0.95,round(norm/delta),layer-wise cosine theorem,disabled: no norm-table or radial-layer candidate filter,"per-query, per-layer Eq. I_threshold with Binomial(K, theta/pi)",distance-table hash-bucket lookup with per-layer thresholds; union over L tables without intersecting sphere-layer masks or exact norm-table filter,0.8170246286858024,0.06961111111111111,0.10355561690089583,0.3302351813262138,0.669755238832576,0.6701393524971051,36.375,450.0,0.08083333333333334,19.070089285714285,17.84474377865812,29.391609425007914,45.899142499999925
cifar10_gist512,20,82,query_adaptive_R25,25.0,0.14,1.6133838891983032,0.95,round(norm/delta),layer-wise cosine theorem,disabled: no norm-table or radial-layer candidate filter,"per-query, per-layer Eq. I_threshold with Binomial(K, theta/pi)",distance-table hash-bucket lookup with per-layer thresholds; union over L tables without intersecting sphere-layer masks or exact norm-table filter,0.7782932450772552,0.058777777777777776,0.08735893366358238,0.29245840620775787,0.7075365973382862,0.7078449201179762,29.75,450.0,0.06611111111111109,18.84940476190476,17.84474377865812,30.147463474996528,45.899142499999925
cifar10_gist512,20,84,query_adaptive_R25,25.0,0.14,1.6133838891983032,0.95,round(norm/delta),layer-wise cosine theorem,disabled: no norm-table or radial-layer candidate filter,"per-query, per-layer Eq. I_threshold with Binomial(K, theta/pi)",distance-table hash-bucket lookup with per-layer thresholds; union over L tables without intersecting sphere-layer masks or exact norm-table filter,0.7312613553888525,0.05422222222222223,0.07838673451984515,0.25712993023673036,0.7428659729555905,0.7431076646523478,27.475,450.0,0.06105555555555555,18.913839285714285,17.84474377865812,30.849260450000315,45.899142499999925
cifar10_gist512,20,86,query_adaptive_R25,25.0,0.14,1.6133838891983032,0.95,round(norm/delta),layer-wise cosine theorem,disabled: no norm-table or radial-layer candidate filter,"per-query, per-layer Eq. I_threshold with Binomial(K, theta/pi)",distance-table hash-bucket lookup with per-layer thresholds; union over L tables without intersecting sphere-layer masks or exact norm-table filter,0.6773800136911687,0.04716666666666667,0.0682258721379666,0.23687286808889368,0.7631228199637314,0.763321206211153,23.625,450.0,0.052500000000000005,18.97782738095238,17.84474377865812,30.63897074999886,45.899142499999925
cifar10_gist512,20,88,query_adaptive_R25,25.0,0.14,1.6133838891983032,0.95,round(norm/delta),layer-wise cosine theorem,disabled: no norm-table or radial-layer candidate filter,"per-query, per-layer Eq. I_threshold with Binomial(K, theta/pi)",distance-table hash-bucket lookup with per-layer thresholds; union over L tables without intersecting sphere-layer masks or exact norm-table filter,0.6702281815843868,0.041833333333333333,0.06047064397470545,0.21847478325123,0.781522090997212,0.7817065238355049,20.4,450.0,0.04533333333333334,18.817559523809525,17.84474377865812,30.440112425004884,45.899142499999925
cifar10_gist512,20,90,query_adaptive_R25,25.0,0.14,1.6133838891983032,0.95,round(norm/delta),layer-wise cosine theorem,disabled: no norm-table or radial-layer candidate filter,"per-query, per-layer Eq. I_threshold with Binomial(K, theta/pi)",distance-table hash-bucket lookup with per-layer thresholds; union over L tables without intersecting sphere-layer masks or exact norm-table filter,0.5698507383411406,0.03188888888888889,0.04602607187526266,0.1448029378880265,0.8551953833022605,0.8553060955966074,15.05,450.0,0.03344444444444444,18.050744047619048,17.84474377865812,30.669005200005017,45.899142499999925
cifar10_gist512,20,92,query_adaptive_R25,25.0,0.14,1.6133838891983032,0.95,round(norm/delta),layer-wise cosine theorem,disabled: no norm-table or radial-layer candidate filter,"per-query, per-layer Eq. I_threshold with Binomial(K, theta/pi)",distance-table hash-bucket lookup with per-layer thresholds; union over L tables without intersecting sphere-layer masks or exact norm-table filter,0.4772563927342965,0.029333333333333333,0.04244329694704318,0.14095686073395858,0.8590420623635111,0.8591487708644354,13.7,450.0,0.03044444444444445,17.88363095238095,17.84474377865812,31.099075974999835,45.899142499999925
cifar10_gist512,20,94,query_adaptive_R25,25.0,0.14,1.6133838891983032,0.95,round(norm/delta),layer-wise cosine theorem,disabled: no norm-table or radial-layer candidate filter,"per-query, per-layer Eq. I_threshold with Binomial(K, theta/pi)",distance-table hash-bucket lookup with per-layer thresholds; union over L tables without intersecting sphere-layer masks or exact norm-table filter,0.4449807941503147,0.02833333333333334,0.04003392127075932,0.1335277864326779,0.8664711331860051,0.8665610607396663,13.3,450.0,0.029555555555555557,17.953422619047622,17.84474377865812,31.140176074997328,45.899142499999925
cifar10_gist512,20,96,query_adaptive_R25,25.0,0.14,1.6133838891983032,0.95,round(norm/delta),layer-wise cosine theorem,disabled: no norm-table or radial-layer candidate filter,"per-query, per-layer Eq. I_threshold with Binomial(K, theta/pi)",distance-table hash-bucket lookup with per-layer thresholds; union over L tables without intersecting sphere-layer masks or exact norm-table filter,0.4493887330528284,0.026555555555555554,0.03797625718320951,0.12372538702217203,0.8762735544498599,0.8763502929451181,12.4,450.0,0.027555555555555555,17.838988095238097,17.84474377865812,31.400542649997476,45.899142499999925
cifar10_gist512,20,98,query_adaptive_R25,25.0,0.14,1.6133838891983032,0.95,round(norm/delta),layer-wise cosine theorem,disabled: no norm-table or radial-layer candidate filter,"per-query, per-layer Eq. I_threshold with Binomial(K, theta/pi)",distance-table hash-bucket lookup with per-layer thresholds; union over L tables without intersecting sphere-layer masks or exact norm-table filter,0.2622844827586207,0.021444444444444443,0.030957545687121373,0.08847833376887866,0.9115216690006708,0.911550168453239,9.725,450.0,0.021611111111111112,17.020535714285714,17.84474377865812,31.419021874999938,45.899142499999925
cifar10_gist512,20,100,query_adaptive_R25,25.0,0.14,1.6133838891983032,0.95,round(norm/delta),layer-wise cosine theorem,disabled: no norm-table or radial-layer candidate filter,"per-query, per-layer Eq. I_threshold with Binomial(K, theta/pi)",distance-table hash-bucket lookup with per-layer thresholds; union over L tables without intersecting sphere-layer masks or exact norm-table filter,0.2123853211009174,0.02022222222222222,0.029521384088123343,0.08572466349978738,0.9142753351464854,0.9143005674539536,9.15,450.0,0.020333333333333335,16.93050595238095,17.84474377865812,33.00665412500052,45.899142499999925
cifar10_gist512,20,102,query_adaptive_R25,25.0,0.14,1.6133838891983032,0.95,round(norm/delta),layer-wise cosine theorem,disabled: no norm-table or radial-layer candidate filter,"per-query, per-layer Eq. I_threshold with Binomial(K, theta/pi)",distance-table hash-bucket lookup with per-layer thresholds; union over L tables without intersecting sphere-layer masks or exact norm-table filter,0.21238151658767773,0.01916666666666667,0.02822058422774888,0.08485708569963318,0.915142912152205,0.9151681421294979,8.675,450.0,0.019277777777777776,16.826339285714287,17.84474377865812,32.41910520000033,45.899142499999925
cifar10_gist512,20,104,query_adaptive_R25,25.0,0.14,1.6133838891983032,0.95,round(norm/delta),layer-wise cosine theorem,disabled: no norm-table or radial-layer candidate filter,"per-query, per-layer Eq. I_threshold with Binomial(K, theta/pi)",distance-table hash-bucket lookup with per-layer thresholds; union over L tables without intersecting sphere-layer masks or exact norm-table filter,0.125,0.01661111111111111,0.024656603618913295,0.08106633432233609,0.918933676164427,0.9189536775904781,7.475,450.0,0.01661111111111111,15.991815476190476,17.84474377865812,32.63367797499939,45.899142499999925
cifar10_gist512,20,106,query_adaptive_R25,25.0,0.14,1.6133838891983032,0.95,round(norm/delta),layer-wise cosine theorem,disabled: no norm-table or radial-layer candidate filter,"per-query, per-layer Eq. I_threshold with Binomial(K, theta/pi)",distance-table hash-bucket lookup with per-layer thresholds; union over L tables without intersecting sphere-layer masks or exact norm-table filter,0.125,0.01572222222222222,0.02360823226279937,0.08033567609333025,0.9196643285780359,0.9196843279969468,7.075,450.0,0.01572222222222222,15.877380952380951,17.84474377865812,33.35978964999953,45.899142499999925
cifar10_gist512,20,108,query_adaptive_R25,25.0,0.14,1.6133838891983032,0.95,round(norm/delta),layer-wise cosine theorem,disabled: no norm-table or radial-layer candidate filter,"per-query, per-layer Eq. I_threshold with Binomial(K, theta/pi)",distance-table hash-bucket lookup with per-layer thresholds; union over L tables without intersecting sphere-layer masks or exact norm-table filter,0.1,0.013555555555555553,0.021023970883664412,0.07253740525161578,0.9274625947483841,0.9274825730098222,6.1,450.0,0.013555555555555553,14.896130952380952,17.84474377865812,33.31099997499933,45.899142499999925
cifar10_gist512,20,110,query_adaptive_R25,25.0,0.14,1.6133838891983032,0.95,round(norm/delta),layer-wise cosine theorem,disabled: no norm-table or radial-layer candidate filter,"per-query, per-layer Eq. I_threshold with Binomial(K, theta/pi)",distance-table hash-bucket lookup with per-layer thresholds; union over L tables without intersecting sphere-layer masks or exact norm-table filter,0.1,0.01227777777777778,0.019347832060368976,0.07236008621316306,0.9276399149308677,0.9276598931535428,5.525,450.0,0.01227777777777778,14.807142857142855,17.84474377865812,37.9890271249991,45.899142499999925
cifar10_gist512,20,112,query_adaptive_R25,25.0,0.14,1.6133838891983032,0.95,round(norm/delta),layer-wise cosine theorem,disabled: no norm-table or radial-layer candidate filter,"per-query, per-layer Eq. I_threshold with Binomial(K, theta/pi)",distance-table hash-bucket lookup with per-layer thresholds; union over L tables without intersecting sphere-layer masks or exact norm-table filter,0.1,0.011722222222222222,0.018632284373439258,0.07232563646825131,0.9276743701415805,0.9276943483570033,5.275,450.0,0.011722222222222222,14.826934523809523,17.84474377865812,40.00488334999801,45.899142499999925
cifar10_gist512,20,114,query_adaptive_R25,25.0,0.14,1.6133838891983032,0.95,round(norm/delta),layer-wise cosine theorem,disabled: no norm-table or radial-layer candidate filter,"per-query, per-layer Eq. I_threshold with Binomial(K, theta/pi)",distance-table hash-bucket lookup with per-layer thresholds; union over L tables without intersecting sphere-layer masks or exact norm-table filter,0.05,0.009888888888888888,0.01613795487940592,0.0495666888213165,0.9504333103842487,0.9504333157557865,4.45,450.0,0.009888888888888888,13.839434523809524,17.84474377865812,34.39878962499563,45.899142499999925
cifar10_gist512,20,116,query_adaptive_R25,25.0,0.14,1.6133838891983032,0.95,round(norm/delta),layer-wise cosine theorem,disabled: no norm-table or radial-layer candidate filter,"per-query, per-layer Eq. I_threshold with Binomial(K, theta/pi)",distance-table hash-bucket lookup with per-layer thresholds; union over L tables without intersecting sphere-layer masks or exact norm-table filter,0.05,0.008944444444444446,0.014854801087106972,0.04948930064099985,0.9505107020919006,0.9505107074465464,4.025,450.0,0.008944444444444446,13.75,17.84474377865812,36.0070354749908,45.899142499999925
cifar10_gist512,20,118,query_adaptive_R25,25.0,0.14,1.6133838891983032,0.95,round(norm/delta),layer-wise cosine theorem,disabled: no norm-table or radial-layer candidate filter,"per-query, per-layer Eq. I_threshold with Binomial(K, theta/pi)",distance-table hash-bucket lookup with per-layer thresholds; union over L tables without intersecting sphere-layer masks or exact norm-table filter,0.05,0.008388888888888888,0.01392896660162482,0.04927391528562987,0.9507260874472706,0.9507260927548262,3.775,450.0,0.008388888888888888,12.738541666666666,17.84474377865812,35.5242864499985,45.899142499999925
cifar10_gist512,20,120,query_adaptive_R25,25.0,0.14,1.6133838891983032,0.95,round(norm/delta),layer-wise cosine theorem,disabled: no norm-table or radial-layer candidate filter,"per-query, per-layer Eq. I_threshold with Binomial(K, theta/pi)",distance-table hash-bucket lookup with per-layer thresholds; union over L tables without intersecting sphere-layer masks or exact norm-table filter,0.05,0.007555555555555556,0.012728988127986724,0.04919358446173033,0.9508064155382698,0.9508064208285809,3.4,450.0,0.007555555555555556,12.630803571428572,17.84474377865812,35.886778200000435,45.899142499999925
cifar10_gist512,20,122,query_adaptive_R25,25.0,0.14,1.6133838891983032,0.95,round(norm/delta),layer-wise cosine theorem,disabled: no norm-table or radial-layer candidate filter,"per-query, per-layer Eq. I_threshold with Binomial(K, theta/pi)",distance-table hash-bucket lookup with per-layer thresholds; union over L tables without intersecting sphere-layer masks or exact norm-table filter,0.05,0.006666666666666666,0.011458333333323458,0.04906769787036229,0.9509323068010038,0.9509323120641134,3.0,450.0,0.006666666666666666,11.593303571428573,17.84474377865812,37.92118132499667,45.899142499999925
cifar10_gist512,20,124,query_adaptive_R25,25.0,0.14,1.6133838891983032,0.95,round(norm/delta),layer-wise cosine theorem,disabled: no norm-table or radial-layer candidate filter,"per-query, per-layer Eq. I_threshold with Binomial(K, theta/pi)",distance-table hash-bucket lookup with per-layer thresholds; union over L tables without intersecting sphere-layer masks or exact norm-table filter,0.05,0.006388888888888888,0.010987122121566429,0.04848016572940954,0.9515198342705904,0.9515198394052622,2.875,450.0,0.006388888888888888,11.457440476190476,17.84474377865812,36.68702805000521,45.899142499999925
cifar10_gist512,20,126,query_adaptive_R25,25.0,0.14,1.6133838891983032,0.95,round(norm/delta),layer-wise cosine theorem,disabled: no norm-table or radial-layer candidate filter,"per-query, per-layer Eq. I_threshold with Binomial(K, theta/pi)",distance-table hash-bucket lookup with per-layer thresholds; union over L tables without intersecting sphere-layer masks or exact norm-table filter,0.05,0.005277777777777778,0.009228579769368644,0.047228056270330186,0.952771948401036,0.9527719532622644,2.375,450.0,0.005277777777777778,10.363690476190476,17.84474377865812,36.77213855000048,45.899142499999925
cifar10_gist512,20,128,query_adaptive_R25,25.0,0.14,1.6133838891983032,0.95,round(norm/delta),layer-wise cosine theorem,disabled: no norm-table or radial-layer candidate filter,"per-query, per-layer Eq. I_threshold with Binomial(K, theta/pi)",distance-table hash-bucket lookup with per-layer thresholds; union over L tables without intersecting sphere-layer masks or exact norm-table filter,0.05,0.004666666666666667,0.008280444761124096,0.04634128779218303,0.9536587147182981,0.9536587193898576,2.1,450.0,0.004666666666666667,9.202380952380953,17.84474377865812,37.50515619999959,45.899142499999925
